date,avg_monthly_price,price,year,month,month_name,quarter,season,lag_1,lag_2,lag_3,lag_12,rolling_mean_3,rolling_std_3,diff_1,sin_month,cos_month,weight
2006-01-01,4000,8.294299608857235,2006,1,Jan,1,Winter,8.246433786160365,8.448057452581375,8.425735580927402,8.612685172875459,8.373408939889714,0.11052865572771729,0.04786582269687045,0.49999999999999994,0.8660254037844387,0.003345965457471272
2006-02-01,4755,8.467162257810672,2006,2,Feb,1,Winter,8.294299608857235,8.246433786160365,8.448057452581375,8.608312784783722,8.32959694919966,0.10534444642076367,0.17286264895343706,0.8660254037844386,0.5000000000000001,0.003345965457471272
2006-03-01,4176,8.337348564497175,2006,3,Mar,1,Summer,8.467162257810672,8.294299608857235,8.246433786160365,8.606485298894999,8.335965217609425,0.11611322820327519,-0.12981369331349768,1.0,6.123233995736766e-17,0.003345965457471272
2006-04-01,3500,8.160803920954665,2006,4,Apr,2,Summer,8.337348564497175,8.467162257810672,8.294299608857235,8.610319169405722,8.366270143721694,0.08998731665867223,-0.17654464354250976,0.8660254037844387,-0.4999999999999998,0.003345965457471272
2006-05-01,6000,8.699681400989514,2006,5,May,2,Summer,8.160803920954665,8.337348564497175,8.467162257810672,8.678801706612651,8.321771581087503,0.15377203728051891,0.5388774800348486,0.49999999999999994,-0.8660254037844387,0.003345965457471272
2006-06-01,4964,8.510168576479273,2006,6,Jun,2,Monsoon,8.699681400989514,8.160803920954665,8.337348564497175,8.528924114291936,8.399277962147117,0.2747247210247732,-0.1895128245102402,1.2246467991473532e-16,-1.0,0.003345965457471272
2006-07-01,4632,8.440959885416648,2006,7,Jul,3,Monsoon,8.510168576479273,8.699681400989514,8.160803920954665,8.501063809486354,8.456884632807816,0.27336169924125014,-0.0692086910626255,-0.4999999999999997,-0.8660254037844388,0.003345965457471272
2006-08-01,4696,8.454679286026995,2006,8,Aug,3,Monsoon,8.440959885416648,8.510168576479273,8.699681400989514,8.546751993657782,8.550269954295144,0.1339413902874275,0.01371940061034671,-0.8660254037844385,-0.5000000000000004,0.003345965457471272
2006-09-01,4762,8.46863300080086,2006,9,Sep,3,Monsoon,8.454679286026995,8.440959885416648,8.510168576479273,8.496990484098719,8.46860258264097,0.03664497743348731,0.013953714773865755,-1.0,-1.8369701987210297e-16,0.003345965457471272
2006-10-01,4494,8.410720946905721,2006,10,Oct,4,Post-Monsoon,8.46863300080086,8.454679286026995,8.440959885416648,8.425735580927402,8.454757390748167,0.01383672302343195,-0.05791205389513898,-0.8660254037844386,0.5000000000000001,0.003345965457471272
2006-11-01,4344,8.376781037699493,2006,11,Nov,4,Post-Monsoon,8.410720946905721,8.46863300080086,8.454679286026995,8.448057452581375,8.44467774457786,0.03022374265551763,-0.03393990920622869,-0.5000000000000004,0.8660254037844384,0.003345965457471272
2006-12-01,4262,8.35772841676521,2006,12,Dec,4,Winter,8.376781037699493,8.410720946905721,8.46863300080086,8.246433786160365,8.418711661802025,0.046444422967763375,-0.01905262093428206,-2.4492935982947064e-16,1.0,0.003345965457471272
2007-01-01,4118,8.323365694436081,2007,1,Jan,1,Winter,8.35772841676521,8.376781037699493,8.410720946905721,8.294299608857235,8.381743467123476,0.026842528606915626,-0.034362722329129625,0.49999999999999994,0.8660254037844387,0.00451658094261267
2007-02-01,3935,8.277920258172143,2007,2,Feb,1,Winter,8.323365694436081,8.35772841676521,8.376781037699493,8.467162257810672,8.352625049633595,0.027070888257417595,-0.04544543626393782,0.8660254037844386,0.5000000000000001,0.00451658094261267
2007-03-01,4000,8.294299608857235,2007,3,Mar,1,Summer,8.277920258172143,8.323365694436081,8.35772841676521,8.337348564497175,8.319671456457812,0.040032125726500174,0.01637935068509222,1.0,6.123233995736766e-17,0.00451658094261267
2007-04-01,4088,8.316055720364643,2007,4,Apr,2,Summer,8.294299608857235,8.277920258172143,8.323365694436081,8.160803920954665,8.298528520488487,0.023015965969118094,0.02175611150740764,0.8660254037844387,-0.4999999999999998,0.00451658094261267
2007-05-01,4231,8.350429973538136,2007,5,May,2,Summer,8.316055720364643,8.294299608857235,8.277920258172143,8.699681400989514,8.296091862464674,0.01913079974548634,0.03437425317349252,0.49999999999999994,-0.8660254037844387,0.00451658094261267
2007-06-01,4250,8.35490952835879,2007,6,Jun,2,Monsoon,8.350429973538136,8.316055720364643,8.294299608857235,8.510168576479273,8.320261767586672,0.028300575696023702,0.004479554820655096,1.2246467991473532e-16,-1.0,0.00451658094261267
2007-07-01,4005,8.295548516225763,2007,7,Jul,3,Monsoon,8.35490952835879,8.350429973538136,8.316055720364643,8.440959885416648,8.34046507408719,0.02125744610037795,-0.05936101213302791,-0.4999999999999997,-0.8660254037844388,0.00451658094261267
2007-08-01,4387,8.38662882139512,2007,8,Aug,3,Monsoon,8.295548516225763,8.35490952835879,8.350429973538136,8.454679286026995,8.333629339374228,0.0330549303674167,0.09108030516935806,-0.8660254037844385,-0.5000000000000004,0.00451658094261267
2007-09-01,4788,8.47407690034261,2007,9,Sep,3,Monsoon,8.38662882139512,8.295548516225763,8.35490952835879,8.46863300080086,8.345695621993224,0.04623394370286054,0.08744807894748874,-1.0,-1.8369701987210297e-16,0.00451658094261267
2007-10-01,5070,8.531293315795018,2007,10,Oct,4,Post-Monsoon,8.47407690034261,8.38662882139512,8.295548516225763,8.410720946905721,8.385418079321164,0.0892703500951953,0.05721641545240885,-0.8660254037844386,0.5000000000000001,0.00451658094261267
2007-11-01,4638,8.442254104751743,2007,11,Nov,4,Post-Monsoon,8.531293315795018,8.47407690034261,8.38662882139512,8.376781037699493,8.463999679177583,0.07285682380394815,-0.08903921104327495,-0.5000000000000004,0.8660254037844384,0.00451658094261267
2007-12-01,4569,8.42726848388825,2007,12,Dec,4,Winter,8.442254104751743,8.531293315795018,8.47407690034261,8.35772841676521,8.482541440296457,0.0451190824737528,-0.01498562086349331,-2.4492935982947064e-16,1.0,0.00451658094261267
2008-01-01,4715,8.458716261657262,2008,1,Jan,1,Winter,8.42726848388825,8.442254104751743,8.531293315795018,8.323365694436081,8.46693863481167,0.05623420606282034,0.031447777769011864,0.49999999999999994,0.8660254037844387,0.006096746565515638
2008-02-01,5144,8.545780648268149,2008,2,Feb,1,Winter,8.458716261657262,8.42726848388825,8.442254104751743,8.277920258172143,8.442746283432419,0.015729665016800214,0.08706438661088711,0.8660254037844386,0.5000000000000001,0.006096746565515638
2008-03-01,5194,8.555451903533328,2008,3,Mar,1,Summer,8.545780648268149,8.458716261657262,8.42726848388825,8.294299608857235,8.477255131271221,0.061392593538821046,0.009671255265178758,1.0,6.123233995736766e-17,0.006096746565515638
2008-04-01,5102,8.537583881063972,2008,4,Apr,2,Summer,8.555451903533328,8.545780648268149,8.458716261657262,8.316055720364643,8.519982937819579,0.053278396190043625,-0.01786802246935615,0.8660254037844387,-0.4999999999999998,0.006096746565515638
2008-05-01,5218,8.560061091643414,2008,5,May,2,Summer,8.537583881063972,8.555451903533328,8.545780648268149,8.350429973538136,8.546272144288482,0.008944145179579163,0.022477210579442186,0.49999999999999994,-0.8660254037844387,0.006096746565515638
2008-06-01,4865,8.490027523343468,2008,6,Jun,2,Monsoon,8.560061091643414,8.537583881063972,8.555451903533328,8.35490952835879,8.551032292080238,0.011872488067119935,-0.07003356829994623,1.2246467991473532e-16,-1.0,0.006096746565515638
2008-07-01,4956,8.508555998020574,2008,7,Jul,3,Monsoon,8.490027523343468,8.560061091643414,8.537583881063972,8.295548516225763,8.529224165350284,0.035757360183807554,0.018528474677106388,-0.4999999999999997,-0.8660254037844388,0.006096746565515638
2008-08-01,4819,8.480529207044645,2008,8,Aug,3,Monsoon,8.508555998020574,8.490027523343468,8.560061091643414,8.38662882139512,8.51954820433582,0.03628769243093244,-0.02802679097592886,-0.8660254037844385,-0.5000000000000004,0.006096746565515638
2008-09-01,5015,8.520388082312756,2008,9,Sep,3,Monsoon,8.480529207044645,8.508555998020574,8.490027523343468,8.47407690034261,8.49303757613623,0.014253791301331881,0.03985887526811105,-1.0,-1.8369701987210297e-16,0.006096746565515638
2008-10-01,5600,8.630700432209832,2008,10,Oct,4,Post-Monsoon,8.520388082312756,8.480529207044645,8.508555998020574,8.531293315795018,8.503157762459326,0.020470422437976424,0.11031234989707528,-0.8660254037844386,0.5000000000000001,0.006096746565515638
2008-11-01,5856,8.675392806089782,2008,11,Nov,4,Post-Monsoon,8.630700432209832,8.520388082312756,8.480529207044645,8.442254104751743,8.543872573855746,0.07779132486451487,0.04469237387995051,-0.5000000000000004,0.8660254037844384,0.006096746565515638
2008-12-01,6450,8.771990436532242,2008,12,Dec,4,Winter,8.675392806089782,8.630700432209832,8.520388082312756,8.42726848388825,8.60882710687079,0.07978375692669439,0.09659763044246006,-2.4492935982947064e-16,1.0,0.006096746565515638
2009-01-01,6982,8.851233902846035,2009,1,Jan,1,Winter,8.771990436532242,8.675392806089782,8.630700432209832,8.458716261657262,8.692694558277285,0.0722165445166463,0.07924346631379287,0.49999999999999994,0.8660254037844387,0.00822974704902003
2009-02-01,7300,8.895766604056085,2009,2,Feb,1,Winter,8.851233902846035,8.771990436532242,8.675392806089782,8.545780648268149,8.766205715156019,0.0880631595967411,0.04453270121005026,0.8660254037844386,0.5000000000000001,0.00822974704902003
2009-03-01,7141,8.873748128154395,2009,3,Mar,1,Summer,8.895766604056085,8.851233902846035,8.771990436532242,8.555451903533328,8.839663647811454,0.0626940030058491,-0.022018475901690593,1.0,6.123233995736766e-17,0.00822974704902003
2009-04-01,7250,8.888894669371593,2009,4,Apr,2,Summer,8.873748128154395,8.895766604056085,8.851233902846035,8.537583881063972,8.873582878352172,0.022266810501056226,0.015146541217198717,0.8660254037844387,-0.4999999999999998,0.00822974704902003
2009-05-01,7212,8.883640232503673,2009,5,May,2,Summer,8.888894669371593,8.873748128154395,8.895766604056085,8.560061091643414,8.886136467194026,0.011265393011293404,-0.005254436867920376,0.49999999999999994,-0.8660254037844387,0.00822974704902003
2009-06-01,7150,8.875007486048396,2009,6,Jun,2,Monsoon,8.883640232503673,8.888894669371593,8.873748128154395,8.490027523343468,8.882094343343221,0.00769069292617,-0.008632746455276674,1.2246467991473532e-16,-1.0,0.00822974704902003
2009-07-01,8106,9.000483164987708,2009,7,Jul,3,Monsoon,8.875007486048396,8.883640232503673,8.888894669371593,8.508555998020574,8.882514129307888,0.0070117434686354715,0.12547567893931166,-0.4999999999999997,-0.8660254037844388,0.00822974704902003
2009-08-01,6964,8.848652886213905,2009,8,Aug,3,Monsoon,9.000483164987708,8.875007486048396,8.883640232503673,8.480529207044645,8.919710294513258,0.07008440291073001,-0.15183027877380262,-0.8660254037844385,-0.5000000000000004,0.00822974704902003
2009-09-01,6940,8.845201135339584,2009,9,Sep,3,Monsoon,8.848652886213905,9.000483164987708,8.875007486048396,8.520388082312756,8.908047845750003,0.08112864731426815,-0.0034517508743210357,-1.0,-1.8369701987210297e-16,0.00822974704902003
2009-10-01,6681,8.807172622916703,2009,10,Oct,4,Post-Monsoon,8.845201135339584,8.848652886213905,9.000483164987708,8.630700432209832,8.898112395513733,0.08867248433446794,-0.03802851242288163,-0.8660254037844386,0.5000000000000001,0.00822974704902003
2009-11-01,6612,8.796792687674662,2009,11,Nov,4,Post-Monsoon,8.807172622916703,8.845201135339584,8.848652886213905,8.675392806089782,8.833675548156732,0.023017003078907264,-0.010379935242040617,-0.5000000000000004,0.8660254037844384,0.00822974704902003
2009-12-01,6510,8.781248333236862,2009,12,Dec,4,Winter,8.796792687674662,8.807172622916703,8.845201135339584,8.771990436532242,8.816388815310317,0.025486233597960477,-0.015544354437800223,-2.4492935982947064e-16,1.0,0.00822974704902003
2010-01-01,6525,8.783549477153265,2010,1,Jan,1,Winter,8.781248333236862,8.796792687674662,8.807172622916703,8.851233902846035,8.795071214609408,0.013047597517844671,0.0023011439164033476,0.49999999999999994,0.8660254037844387,0.011108996538242306
2010-02-01,6669,8.80537513890967,2010,2,Feb,1,Winter,8.783549477153265,8.781248333236862,8.796792687674662,8.895766604056085,8.787196832688261,0.008389525643429816,0.021825661756404102,0.8660254037844386,0.5000000000000001,0.011108996538242306
2010-03-01,6823,8.828201089171515,2010,3,Mar,1,Summer,8.80537513890967,8.783549477153265,8.781248333236862,8.873748128154395,8.790057649766599,0.01331513879266171,0.022825950261845307,1.0,6.123233995736766e-17,0.011108996538242306
2010-04-01,6925,8.843037724962366,2010,4,Apr,2,Summer,8.828201089171515,8.80537513890967,8.783549477153265,8.888894669371593,8.805708568411482,0.02232767330875419,0.014836635790851815,0.8660254037844387,-0.4999999999999998,0.011108996538242306
2010-05-01,7000,8.853808274977197,2010,5,May,2,Summer,8.843037724962366,8.828201089171515,8.80537513890967,8.883640232503673,8.825537984347848,0.018971997589121253,0.01077055001483096,0.49999999999999994,-0.8660254037844387,0.011108996538242306
2010-06-01,7040,8.859505484519133,2010,6,Jun,2,Monsoon,8.853808274977197,8.843037724962366,8.828201089171515,8.875007486048396,8.841682363037025,0.01285728375997003,0.005697209541935422,1.2246467991473532e-16,-1.0,0.011108996538242306
2010-07-01,7262,8.890548245606167,2010,7,Jul,3,Monsoon,8.859505484519133,8.853808274977197,8.843037724962366,9.000483164987708,8.852117161486232,0.008363113943720905,0.03104276108703452,-0.4999999999999997,-0.8660254037844388,0.011108996538242306
2010-08-01,8400,9.036106025364846,2010,8,Aug,3,Monsoon,8.890548245606167,8.859505484519133,8.853808274977197,8.848652886213905,8.867954001700832,0.019773452970661614,0.14555777975867912,-0.8660254037844385,-0.5000000000000004,0.011108996538242306
2010-09-01,9362,9.14452103093889,2010,9,Sep,3,Monsoon,9.036106025364846,8.890548245606167,8.859505484519133,8.845201135339584,8.928719918496716,0.09428544540489356,0.10841500557404338,-1.0,-1.8369701987210297e-16,0.011108996538242306
2010-10-01,9912,9.201602306032898,2010,10,Oct,4,Post-Monsoon,9.14452103093889,9.036106025364846,8.890548245606167,8.807172622916703,9.023725100636634,0.12743825718858165,0.05708127509400818,-0.8660254037844386,0.5000000000000001,0.011108996538242306
2010-11-01,10137,9.224046019032295,2010,11,Nov,4,Post-Monsoon,9.201602306032898,9.14452103093889,9.036106025364846,8.796792687674662,9.127409787445545,0.08406456280241345,0.02244371299939729,-0.5000000000000004,0.8660254037844384,0.011108996538242306
2010-12-01,10320,9.241935933565934,2010,12,Dec,4,Winter,9.224046019032295,9.201602306032898,9.14452103093889,8.781248333236862,9.19005645200136,0.04100043892213939,0.017889914533638418,-2.4492935982947064e-16,1.0,0.011108996538242306
2011-01-01,10400,9.249657234353133,2011,1,Jan,1,Winter,9.241935933565934,9.224046019032295,9.201602306032898,8.783549477153265,9.222528086210374,0.020209613245649176,0.007721300787199681,0.49999999999999994,0.8660254037844387,0.014995576820477703
2011-02-01,10390,9.248695325852646,2011,2,Feb,1,Winter,9.249657234353133,9.241935933565934,9.224046019032295,8.80537513890967,9.238546395650454,0.013137743832929042,-0.0009619085004874961,0.8660254037844386,0.5000000000000001,0.014995576820477703
2011-03-01,10110,9.2213792190914,2011,3,Mar,1,Summer,9.248695325852646,9.249657234353133,9.241935933565934,8.828201089171515,9.246762831257238,0.004207793125792431,-0.027316106761245962,1.0,6.123233995736766e-17,0.014995576820477703
2011-04-01,10075,9.2179116374725,2011,4,Apr,2,Summer,9.2213792190914,9.248695325852646,9.249657234353133,8.843037724962366,9.23991059309906,0.016055845787638114,-0.0034675816188993736,0.8660254037844387,-0.4999999999999998,0.014995576820477703
2011-05-01,10150,9.225327501784431,2011,5,May,2,Summer,9.2179116374725,9.2213792190914,9.248695325852646,8.853808274977197,9.229328727472183,0.0168613427757139,0.00741586431193042,0.49999999999999994,-0.8660254037844387,0.014995576820477703
2011-06-01,10125,9.222861652529854,2011,6,Jun,2,Monsoon,9.225327501784431,9.2179116374725,9.2213792190914,8.859505484519133,9.221539452782777,0.0037105278609013462,-0.002465849254576824,1.2246467991473532e-16,-1.0,0.014995576820477703
2011-07-01,10225,9.232688775639945,2011,7,Jul,3,Monsoon,9.222861652529854,9.225327501784431,9.2179116374725,8.890548245606167,9.222033597262262,0.003776641037256062,0.009827123110090596,-0.4999999999999997,-0.8660254037844388,0.014995576820477703
2011-08-01,10520,9.261128538808288,2011,8,Aug,3,Monsoon,9.232688775639945,9.222861652529854,9.225327501784431,9.036106025364846,9.226959309984743,0.005112747369437007,0.02843976316834329,-0.8660254037844385,-0.5000000000000004,0.014995576820477703
2011-09-01,9912,9.201602306032898,2011,9,Sep,3,Monsoon,9.261128538808288,9.232688775639945,9.222861652529854,9.14452103093889,9.238892988992696,0.019873546333336285,-0.05952623277539004,-1.0,-1.8369701987210297e-16,0.014995576820477703
2011-10-01,9187,9.125653563808989,2011,10,Oct,4,Post-Monsoon,9.201602306032898,9.261128538808288,9.232688775639945,9.201602306032898,9.231806540160377,0.029772921450458557,-0.07594874222390935,-0.8660254037844386,0.5000000000000001,0.014995576820477703
2011-11-01,8190,9.010791269515602,2011,11,Nov,4,Post-Monsoon,9.125653563808989,9.201602306032898,9.261128538808288,9.224046019032295,9.196128136216727,0.06790318191479291,-0.11486229429338657,-0.5000000000000004,0.8660254037844384,0.014995576820477703
2011-12-01,8062,8.995040974685022,2011,12,Dec,4,Winter,9.010791269515602,9.125653563808989,9.201602306032898,9.241935933565934,9.112682379785829,0.0960645700840214,-0.015750294830580103,-2.4492935982947064e-16,1.0,0.014995576820477703
2012-01-01,8050,8.993551586299981,2012,1,Jan,1,Winter,8.995040974685022,9.010791269515602,9.125653563808989,9.249657234353133,9.04382860266987,0.0712987457525002,-0.0014893883850408685,0.49999999999999994,0.8660254037844387,0.02024191144580439
2012-02-01,7725,8.952346543226227,2012,2,Feb,1,Winter,8.993551586299981,8.995040974685022,9.010791269515602,9.248695325852646,8.999794610166868,0.009552458168830323,-0.041205043073754055,0.8660254037844386,0.5000000000000001,0.02024191144580439
2012-03-01,8075,8.996651979432729,2012,3,Mar,1,Summer,8.952346543226227,8.993551586299981,8.995040974685022,9.2213792190914,8.980313034737078,0.024231138128710344,0.044305436206501625,1.0,6.123233995736766e-17,0.02024191144580439
2012-04-01,7787,8.960339366492091,2012,4,Apr,2,Summer,8.996651979432729,8.952346543226227,8.993551586299981,9.2179116374725,8.980850036319646,0.024733377211609394,-0.03631261294063748,0.8660254037844387,-0.4999999999999998,0.02024191144580439
2012-05-01,7862,8.969923491991516,2012,5,May,2,Summer,8.960339366492091,8.996651979432729,8.952346543226227,9.225327501784431,8.969779296383683,0.023613071097021408,0.009584125499424445,0.49999999999999994,-0.8660254037844387,0.02024191144580439
2012-06-01,7375,8.90598676523643,2012,6,Jun,2,Monsoon,8.969923491991516,8.960339366492091,8.996651979432729,9.222861652529854,8.975638279305445,0.018818755542784605,-0.06393672675508633,1.2246467991473532e-16,-1.0,0.02024191144580439
2012-07-01,6713,8.81195017753998,2012,7,Jul,3,Monsoon,8.90598676523643,8.969923491991516,8.960339366492091,9.232688775639945,8.945416541240013,0.034481796533369295,-0.09403658769644885,-0.4999999999999997,-0.8660254037844388,0.02024191144580439
2012-08-01,6875,8.83579236650274,2012,8,Aug,3,Monsoon,8.81195017753998,8.90598676523643,8.969923491991516,9.261128538808288,8.895953478255974,0.07946314966968171,0.023842188962760247,-0.8660254037844385,-0.5000000000000004,0.02024191144580439
2012-09-01,7075,8.864464055279676,2012,9,Sep,3,Monsoon,8.83579236650274,8.81195017753998,8.90598676523643,9.201602306032898,8.85124310309305,0.04888521148860817,0.028671688776935156,-1.0,-1.8369701987210297e-16,0.02024191144580439
2012-10-01,6600,8.79497643168877,2012,10,Oct,4,Post-Monsoon,8.864464055279676,8.83579236650274,8.81195017753998,9.125653563808989,8.837402199774132,0.02629392536664349,-0.06948762359090566,-0.8660254037844386,0.5000000000000001,0.02024191144580439
2012-11-01,6500,8.77971129020447,2012,11,Nov,4,Post-Monsoon,8.79497643168877,8.864464055279676,8.83579236650274,9.010791269515602,8.831744284490396,0.03492023316162368,-0.015265141484301026,-0.5000000000000004,0.8660254037844384,0.02024191144580439
2012-12-01,6375,8.760296220470051,2012,12,Dec,4,Winter,8.77971129020447,8.79497643168877,8.864464055279676,8.995040974685022,8.813050592390972,0.045174818879437806,-0.019415069734417756,-2.4492935982947064e-16,1.0,0.02024191144580439
2013-01-01,6412,8.766082459148864,2013,1,Jan,1,Winter,8.760296220470051,8.77971129020447,8.79497643168877,8.993551586299981,8.778327980787763,0.01738143898674068,0.005786238678812339,0.49999999999999994,0.8660254037844387,0.02732372244729257
2013-02-01,6287,8.746398334109042,2013,2,Feb,1,Winter,8.766082459148864,8.760296220470051,8.77971129020447,8.952346543226227,8.768696656607794,0.00996803664032733,-0.019684125039821865,0.8660254037844386,0.5000000000000001,0.02732372244729257
2013-03-01,6429,8.768729817231666,2013,3,Mar,1,Summer,8.746398334109042,8.766082459148864,8.760296220470051,8.996651979432729,8.75759233790932,0.010116789526398128,0.022331483122624007,1.0,6.123233995736766e-17,0.02732372244729257
2013-04-01,6327,8.75273950944749,2013,4,Apr,2,Summer,8.768729817231666,8.746398334109042,8.766082459148864,8.960339366492091,8.760403536829857,0.012200877166907598,-0.015990307784175428,0.8660254037844387,-0.4999999999999998,0.02732372244729257
2013-05-01,6419,8.767173396684006,2013,5,May,2,Summer,8.75273950944749,8.768729817231666,8.746398334109042,8.969923491991516,8.7559558869294,0.011507936291642698,0.01443388723651573,0.49999999999999994,-0.8660254037844387,0.02732372244729257
2013-06-01,6270,8.74369111054302,2013,6,Jun,2,Monsoon,8.767173396684006,8.75273950944749,8.768729817231666,8.90598676523643,8.76288090778772,0.008817118659218236,-0.02348228614098602,1.2246467991473532e-16,-1.0,0.02732372244729257
2013-07-01,5896,8.682199026000504,2013,7,Jul,3,Monsoon,8.74369111054302,8.767173396684006,8.75273950944749,8.81195017753998,8.754534672224837,0.01184362265730045,-0.06149208454251642,-0.4999999999999997,-0.8660254037844388,0.02732372244729257
2013-08-01,6123,8.719970756777574,2013,8,Aug,3,Monsoon,8.682199026000504,8.74369111054302,8.767173396684006,8.83579236650274,8.73102117774251,0.04388116128978099,0.03777173077707019,-0.8660254037844385,-0.5000000000000004,0.02732372244729257
2013-09-01,6590,8.79346036105272,2013,9,Sep,3,Monsoon,8.719970756777574,8.682199026000504,8.74369111054302,8.864464055279676,8.715286964440367,0.03101245795382281,0.07348960427514584,-1.0,-1.8369701987210297e-16,0.02732372244729257
2013-10-01,7744,8.954802752850968,2013,10,Oct,4,Post-Monsoon,8.79346036105272,8.719970756777574,8.682199026000504,8.79497643168877,8.731876714610266,0.05657813220082531,0.16134239179824839,-0.8660254037844386,0.5000000000000001,0.02732372244729257
2013-11-01,11016,9.307194813340065,2013,11,Nov,4,Post-Monsoon,8.954802752850968,8.79346036105272,8.719970756777574,8.77971129020447,8.822744623560421,0.12012365553011714,0.35239206048909644,-0.5000000000000004,0.8660254037844384,0.02732372244729257
2013-12-01,10670,9.275285060616564,2013,12,Dec,4,Winter,9.307194813340065,8.954802752850968,8.79346036105272,8.760296220470051,9.018485975747918,0.2627212144567958,-0.03190975272350016,-2.4492935982947064e-16,1.0,0.02732372244729257
2014-01-01,10919,9.298351249298896,2014,1,Jan,1,Winter,9.275285060616564,9.307194813340065,8.954802752850968,8.766082459148864,9.179094208935867,0.1948962571067893,0.02306618868233201,0.49999999999999994,0.8660254037844387,0.036883167401240015
2014-02-01,9984,9.208839245849916,2014,2,Feb,1,Winter,9.298351249298896,9.275285060616564,9.307194813340065,8.746398334109042,9.293610374418508,0.016474677559764683,-0.08951200344898069,0.8660254037844386,0.5000000000000001,0.036883167401240015
2014-03-01,9783,9.188503677367008,2014,3,Mar,1,Summer,9.208839245849916,9.298351249298896,9.275285060616564,8.768729817231666,9.260825185255126,0.046474893081849586,-0.020335568482908073,1.0,6.123233995736766e-17,0.036883167401240015
2014-04-01,10175,9.227787285579904,2014,4,Apr,2,Summer,9.188503677367008,9.208839245849916,9.298351249298896,8.75273950944749,9.231898057505274,0.05844145669861411,0.039283608212896226,0.8660254037844387,-0.4999999999999998,0.036883167401240015
2014-05-01,10529,9.261983605128021,2014,5,May,2,Summer,9.227787285579904,9.188503677367008,9.208839245849916,8.767173396684006,9.208376736265608,0.019645887735036536,0.034196319548117415,0.49999999999999994,-0.8660254037844387,0.036883167401240015
2014-06-01,11228,9.326254996572539,2014,6,Jun,2,Monsoon,9.261983605128021,9.227787285579904,9.188503677367008,8.74369111054302,9.226091522691645,0.03676930315869486,0.06427139144451743,1.2246467991473532e-16,-1.0,0.036883167401240015
2014-07-01,10665,9.274816391160547,2014,7,Jul,3,Monsoon,9.326254996572539,9.261983605128021,9.227787285579904,8.682199026000504,9.272008629093486,0.049993483136997786,-0.051438605411991745,-0.4999999999999997,-0.8660254037844388,0.036883167401240015
2014-08-01,10834,9.29053691397046,2014,8,Aug,3,Monsoon,9.274816391160547,9.326254996572539,9.261983605128021,8.719970756777574,9.287684997620369,0.03401328731132944,0.01572052280991265,-0.8660254037844385,-0.5000000000000004,0.036883167401240015
2014-09-01,10566,9.265491216441031,2014,9,Sep,3,Monsoon,9.29053691397046,9.274816391160547,9.326254996572539,8.79346036105272,9.297202767234515,0.026359205820592407,-0.025045697529428423,-1.0,-1.8369701987210297e-16,0.036883167401240015
2014-10-01,10434,9.252920819511301,2014,10,Oct,4,Post-Monsoon,9.265491216441031,9.29053691397046,9.274816391160547,8.954802752850968,9.276948173857345,0.012658203438470154,-0.012570396929730165,-0.8660254037844386,0.5000000000000001,0.036883167401240015
2014-11-01,9257,9.133243321591216,2014,11,Nov,4,Post-Monsoon,9.252920819511301,9.265491216441031,9.29053691397046,9.307194813340065,9.269649649974264,0.019149727613825846,-0.11967749792008497,-0.5000000000000004,0.8660254037844384,0.036883167401240015
2014-12-01,9657,9.175541866433488,2014,12,Dec,4,Winter,9.133243321591216,9.252920819511301,9.265491216441031,9.275285060616564,9.217218452514516,0.0729956894613429,0.04229854484227147,-2.4492935982947064e-16,1.0,0.036883167401240015
2015-01-01,9974,9.207837241758064,2015,1,Jan,1,Winter,9.175541866433488,9.133243321591216,9.252920819511301,9.298351249298896,9.187235335845335,0.060689610290986386,0.03229537532457627,0.49999999999999994,0.8660254037844387,0.049787068367863944
2015-02-01,9214,9.128587870103924,2015,2,Feb,1,Winter,9.207837241758064,9.175541866433488,9.133243321591216,9.208839245849916,9.172207476594254,0.03740857987372188,-0.07924937165413937,0.8660254037844386,0.5000000000000001,0.049787068367863944
2015-03-01,9225,9.129780864117766,2015,3,Mar,1,Summer,9.128587870103924,9.207837241758064,9.175541866433488,9.188503677367008,9.170655659431825,0.03984999361411973,0.0011929940138415418,1.0,6.123233995736766e-17,0.049787068367863944
2015-04-01,9129,9.119320973589014,2015,4,Apr,2,Summer,9.129780864117766,9.128587870103924,9.207837241758064,9.227787285579904,9.155401991993251,0.045414175893730105,-0.01045989052875207,0.8660254037844387,-0.4999999999999998,0.049787068367863944
2015-05-01,8579,9.057189192482008,2015,5,May,2,Summer,9.119320973589014,9.129780864117766,9.128587870103924,9.261983605128021,9.125896569270235,0.00572578838277421,-0.06213178110700568,0.49999999999999994,-0.8660254037844387,0.049787068367863944
2015-06-01,8050,8.993551586299981,2015,6,Jun,2,Monsoon,9.057189192482008,9.119320973589014,9.129780864117766,9.326254996572539,9.102097010062929,0.03924138615519993,-0.06363760618202718,1.2246467991473532e-16,-1.0,0.049787068367863944
2015-07-01,7556,8.93022956502072,2015,7,Jul,3,Monsoon,8.993551586299981,9.057189192482008,9.119320973589014,9.274816391160547,9.056687250790334,0.06288619605177263,-0.06332202127926045,-0.4999999999999997,-0.8660254037844388,0.049787068367863944
2015-08-01,7752,8.955835144218959,2015,8,Aug,3,Monsoon,8.93022956502072,8.993551586299981,9.057189192482008,9.29053691397046,8.99365678126757,0.06347987910166883,0.02560557919823836,-0.8660254037844385,-0.5000000000000004,0.049787068367863944
2015-09-01,8091,8.998631198287637,2015,9,Sep,3,Monsoon,8.955835144218959,8.93022956502072,8.993551586299981,9.265491216441031,8.959872098513221,0.03185345106423814,0.04279605406867759,-1.0,-1.8369701987210297e-16,0.049787068367863944
2015-10-01,8176,9.009080614161977,2015,10,Oct,4,Post-Monsoon,8.998631198287637,8.955835144218959,8.93022956502072,9.252920819511301,8.961565302509106,0.034558962570028676,0.010449415874340673,-0.8660254037844386,0.5000000000000001,0.049787068367863944
2015-11-01,8221,9.014568767457824,2015,11,Nov,4,Post-Monsoon,9.009080614161977,8.998631198287637,8.955835144218959,9.133243321591216,8.987848985556191,0.028212800302382546,0.005488153295846843,-0.5000000000000004,0.8660254037844384,0.049787068367863944
2015-12-01,7757,8.956479847999912,2015,12,Dec,4,Winter,9.014568767457824,9.009080614161977,8.998631198287637,9.175541866433488,9.007426859969145,0.008096462496744516,-0.05808891945791217,-2.4492935982947064e-16,1.0,0.049787068367863944
2016-01-01,7807,8.962904128092928,2016,1,Jan,1,Winter,8.956479847999912,9.014568767457824,9.009080614161977,9.207837241758064,8.993376409873237,0.032070970755548274,0.006424280093016321,0.49999999999999994,0.8660254037844387,0.06720551273974978
2016-02-01,7673,8.945593270806897,2016,2,Feb,1,Winter,8.962904128092928,8.956479847999912,9.014568767457824,9.128587870103924,8.977984247850221,0.031845535791797906,-0.017310857286030767,0.8660254037844386,0.5000000000000001,0.06720551273974978
2016-03-01,8079,8.997147151515142,2016,3,Mar,1,Summer,8.945593270806897,8.962904128092928,8.956479847999912,9.129780864117766,8.954992415633246,0.008750759182880924,0.05155388070824429,1.0,6.123233995736766e-17,0.06720551273974978
2016-04-01,8016,8.989319566042951,2016,4,Apr,2,Summer,8.997147151515142,8.945593270806897,8.962904128092928,9.119320973589014,8.968548183471656,0.02623627593347313,-0.007827585472190535,0.8660254037844387,-0.4999999999999998,0.06720551273974978
2016-05-01,8236,9.016391478941248,2016,5,May,2,Summer,8.989319566042951,8.997147151515142,8.945593270806897,9.057189192482008,8.977353329454997,0.02778207637269325,0.0270719128982968,0.49999999999999994,-0.8660254037844387,0.06720551273974978
2016-06-01,8368,9.032289682032873,2016,6,Jun,2,Monsoon,9.016391478941248,8.989319566042951,8.997147151515142,8.993551586299981,9.000952732166446,0.013931401582868659,0.015898203091625263,1.2246467991473532e-16,-1.0,0.06720551273974978
2016-07-01,8550,9.053803514155955,2016,7,Jul,3,Monsoon,9.032289682032873,9.016391478941248,8.989319566042951,8.93022956502072,9.01266690900569,0.02172583791135671,0.02151383212308211,-0.4999999999999997,-0.8660254037844388,0.06720551273974978
2016-08-01,8443,9.041211408968211,2016,8,Aug,3,Monsoon,9.053803514155955,9.032289682032873,9.016391478941248,8.955835144218959,9.034161558376692,0.018776129407102025,-0.012592105187744451,-0.8660254037844385,-0.5000000000000004,0.06720551273974978
2016-09-01,8793,9.081824949740755,2016,9,Sep,3,Monsoon,9.041211408968211,9.053803514155955,9.032289682032873,8.998631198287637,9.042434868385678,0.010808972331615525,0.040613540772543644,-1.0,-1.8369701987210297e-16,0.06720551273974978
2016-10-01,9297,9.13755460225053,2016,10,Oct,4,Post-Monsoon,9.081824949740755,9.041211408968211,9.053803514155955,9.009080614161977,9.058946624288307,0.020789507206698695,0.05572965250977546,-0.8660254037844386,0.5000000000000001,0.06720551273974978
2016-11-01,8875,9.091106284052485,2016,11,Nov,4,Post-Monsoon,9.13755460225053,9.081824949740755,9.041211408968211,9.014568767457824,9.086863653653166,0.04836883424064181,-0.04644831819804551,-0.5000000000000004,0.8660254037844384,0.06720551273974978
2016-12-01,8337,9.028578658440741,2016,12,Dec,4,Winter,9.091106284052485,9.13755460225053,9.081824949740755,8.956479847999912,9.103495278681256,0.029859067854704355,-0.06252762561174308,-2.4492935982947064e-16,1.0,0.06720551273974978
2017-01-01,7994,8.986571625268054,2017,1,Jan,1,Winter,9.028578658440741,9.091106284052485,9.13755460225053,8.962904128092928,9.085746514914584,0.05468532185348867,-0.04200703317268761,0.49999999999999994,0.8660254037844387,0.09071795328941251
2017-02-01,7725,8.952346543226227,2017,2,Feb,1,Winter,8.986571625268054,9.028578658440741,9.091106284052485,8.945593270806897,9.035418855920426,0.052601948138504925,-0.03422508204182684,0.8660254037844386,0.5000000000000001,0.09071795328941251
2017-03-01,7719,8.951569643018821,2017,3,Mar,1,Summer,8.952346543226227,8.986571625268054,9.028578658440741,8.997147151515142,8.989165608978341,0.03818220018720758,-0.0007769002074056175,1.0,6.123233995736766e-17,0.09071795328941251
2017-04-01,7550,8.929435283803425,2017,4,Apr,2,Summer,8.951569643018821,8.952346543226227,8.986571625268054,8.989319566042951,8.963495937171034,0.01998790707765094,-0.022134359215396415,0.8660254037844387,-0.4999999999999998,0.09071795328941251
2017-05-01,7412,8.910990494656719,2017,5,May,2,Summer,8.929435283803425,8.951569643018821,8.952346543226227,9.016391478941248,8.944450490016157,0.013009350740492618,-0.018444789146705887,0.49999999999999994,-0.8660254037844387,0.09071795328941251
2017-06-01,7187,8.88016824790345,2017,6,Jun,2,Monsoon,8.910990494656719,8.929435283803425,8.951569643018821,9.032289682032873,8.930665140492989,0.02031751045412581,-0.030822246753269056,1.2246467991473532e-16,-1.0,0.09071795328941251
2017-07-01,7037,8.85907931788153,2017,7,Jul,3,Monsoon,8.88016824790345,8.910990494656719,8.929435283803425,9.053803514155955,8.90686467545453,0.024891303594950568,-0.021088930021919694,-0.4999999999999997,-0.8660254037844388,0.09071795328941251
2017-08-01,6844,8.83127373772255,2017,8,Aug,3,Monsoon,8.85907931788153,8.88016824790345,8.910990494656719,9.041211408968211,8.8834126868139,0.026107228049431518,-0.027805580158981158,-0.8660254037844385,-0.5000000000000004,0.09071795328941251
2017-09-01,7163,8.876823763180603,2017,9,Sep,3,Monsoon,8.83127373772255,8.85907931788153,8.88016824790345,9.081824949740755,8.85684043450251,0.024524023539000482,0.04555002545805387,-1.0,-1.8369701987210297e-16,0.09071795328941251
2017-10-01,7188,8.880307358983872,2017,10,Oct,4,Post-Monsoon,8.876823763180603,8.83127373772255,8.85907931788153,9.13755460225053,8.85572560626156,0.02295945863963257,0.0034835958032690684,-0.8660254037844386,0.5000000000000001,0.09071795328941251
2017-11-01,7013,8.855663430700124,2017,11,Nov,4,Post-Monsoon,8.880307358983872,8.876823763180603,8.83127373772255,9.091106284052485,8.86280161996234,0.027359447706783665,-0.02464392828374784,-0.5000000000000004,0.8660254037844384,0.09071795328941251
2017-12-01,6800,8.824824939175638,2017,12,Dec,4,Winter,8.855663430700124,8.880307358983872,8.876823763180603,9.028578658440741,8.870931517621534,0.013336780668721791,-0.030838491524486145,-2.4492935982947064e-16,1.0,0.09071795328941251
2018-01-01,6763,8.81936971001847,2018,1,Jan,1,Winter,8.824824939175638,8.855663430700124,8.880307358983872,8.986571625268054,8.853598576286545,0.027798784950990394,-0.005455229157167452,0.49999999999999994,0.8660254037844387,0.1224564282529819
2018-02-01,6550,8.787372988731876,2018,2,Feb,1,Winter,8.81936971001847,8.824824939175638,8.855663430700124,8.952346543226227,8.833286026631411,0.019570412385146705,-0.031996721286594365,0.8660254037844386,0.5000000000000001,0.1224564282529819
2018-03-01,6500,8.77971129020447,2018,3,Mar,1,Summer,8.787372988731876,8.81936971001847,8.824824939175638,8.951569643018821,8.81052254597533,0.02023280459325931,-0.007661698527407168,1.0,6.123233995736766e-17,0.1224564282529819
2018-04-01,6362,8.758255243232792,2018,4,Apr,2,Summer,8.77971129020447,8.787372988731876,8.81936971001847,8.929435283803425,8.795484662984938,0.021036801323396366,-0.021456046971676912,0.8660254037844387,-0.4999999999999998,0.1224564282529819
2018-05-01,6487,8.77770959579525,2018,5,May,2,Summer,8.758255243232792,8.77971129020447,8.787372988731876,8.910990494656719,8.77511317405638,0.015093633751138157,0.01945435256245709,0.49999999999999994,-0.8660254037844387,0.1224564282529819
2018-06-01,6362,8.758255243232792,2018,6,Jun,2,Monsoon,8.77770959579525,8.758255243232792,8.77971129020447,8.88016824790345,8.771892043077505,0.01185214865005726,-0.01945435256245709,1.2246467991473532e-16,-1.0,0.1224564282529819
2018-07-01,7550,8.929435283803425,2018,7,Jul,3,Monsoon,8.758255243232792,8.77770959579525,8.758255243232792,8.85907931788153,8.76474002742028,0.011231975688502729,0.17118004057063274,-0.4999999999999997,-0.8660254037844388,0.1224564282529819
2018-08-01,7200,8.881975184248867,2018,8,Aug,3,Monsoon,8.929435283803425,8.758255243232792,8.77770959579525,8.83127373772255,8.821800040943822,0.09372100664997385,-0.047460099554557544,-0.8660254037844385,-0.5000000000000004,0.1224564282529819
2018-09-01,7200,8.881975184248867,2018,9,Sep,3,Monsoon,8.881975184248867,8.929435283803425,8.758255243232792,8.876823763180603,8.856555237095028,0.08837579904823523,0.0,-1.0,-1.8369701987210297e-16,0.1224564282529819
2018-10-01,7200,8.881975184248867,2018,10,Oct,4,Post-Monsoon,8.881975184248867,8.881975184248867,8.929435283803425,8.880307358983872,8.89779521743372,0.02740110125352728,0.0,-0.8660254037844386,0.5000000000000001,0.1224564282529819
2018-11-01,6850,8.832149906002899,2018,11,Nov,4,Post-Monsoon,8.881975184248867,8.881975184248867,8.881975184248867,8.855663430700124,8.881975184248867,0.0,-0.04982527824596872,-0.5000000000000004,0.8660254037844384,0.1224564282529819
2018-12-01,6725,8.813735892300215,2018,12,Dec,4,Winter,8.832149906002899,8.881975184248867,8.881975184248867,8.824824939175638,8.865366758166878,0.0287666378077583,-0.018414013702683363,-2.4492935982947064e-16,1.0,0.1224564282529819
2019-01-01,6800,8.824824939175638,2019,1,Jan,1,Winter,8.813735892300215,8.832149906002899,8.881975184248867,8.81936971001847,8.842620327517329,0.035304001705625365,0.011089046875422781,0.49999999999999994,0.8660254037844387,0.16529888822158656
2019-02-01,7075,8.864464055279676,2019,2,Feb,1,Winter,8.824824939175638,8.813735892300215,8.832149906002899,8.787372988731876,8.823570245826252,0.009270904309267976,0.0396391161040377,0.8660254037844386,0.5000000000000001,0.16529888822158656
2019-03-01,7850,8.968396191198256,2019,3,Mar,1,Summer,8.864464055279676,8.824824939175638,8.813735892300215,8.77971129020447,8.83434162891851,0.02666949882477009,0.10393213591857986,1.0,6.123233995736766e-17,0.16529888822158656
2019-04-01,7725,8.952346543226227,2019,4,Apr,2,Summer,8.968396191198256,8.864464055279676,8.824824939175638,8.758255243232792,8.885895061884524,0.07414608644364375,-0.01604964797202868,0.8660254037844387,-0.4999999999999998,0.16529888822158656
2019-05-01,7581,8.93353229607628,2019,5,May,2,Summer,8.952346543226227,8.968396191198256,8.864464055279676,8.77770959579525,8.928402263234718,0.05595059094757825,-0.018814247149947505,0.49999999999999994,-0.8660254037844387,0.16529888822158656
2019-06-01,7488,8.921190556249368,2019,6,Jun,2,Monsoon,8.93353229607628,8.952346543226227,8.968396191198256,8.758255243232792,8.95142501016692,0.017450206679388663,-0.01234173982691189,1.2246467991473532e-16,-1.0,0.16529888822158656
2019-07-01,7556,8.93022956502072,2019,7,Jul,3,Monsoon,8.921190556249368,8.93353229607628,8.952346543226227,8.929435283803425,8.935689798517293,0.015689646067156702,0.009039008771352997,-0.4999999999999997,-0.8660254037844388,0.16529888822158656
2019-08-01,8138,9.004422601327041,2019,8,Aug,3,Monsoon,8.93022956502072,8.921190556249368,8.93353229607628,8.881975184248867,8.92831747244879,0.006389186880301237,0.07419303630632079,-0.8660254037844385,-0.5000000000000004,0.16529888822158656
2019-09-01,8588,9.058237593766226,2019,9,Sep,3,Monsoon,9.004422601327041,8.93022956502072,8.921190556249368,8.881975184248867,8.951947574199044,0.04566888737373571,0.053814992439184195,-1.0,-1.8369701987210297e-16,0.16529888822158656
2019-10-01,9075,9.113388845899733,2019,10,Oct,4,Post-Monsoon,9.058237593766226,9.004422601327041,8.93022956502072,8.881975184248867,8.997629920037996,0.06427378349799928,0.055151252133507356,-0.8660254037844386,0.5000000000000001,0.16529888822158656
2019-11-01,10025,9.212936997823448,2019,11,Nov,4,Post-Monsoon,9.113388845899733,9.058237593766226,9.004422601327041,8.832149906002899,9.058683013664334,0.05448448782205507,0.09954815192371491,-0.5000000000000004,0.8660254037844384,0.16529888822158656
2019-12-01,9775,9.187685681411377,2019,12,Dec,4,Winter,9.212936997823448,9.113388845899733,9.058237593766226,8.813735892300215,9.128187812496469,0.07840429492802749,-0.02525131641207068,-2.4492935982947064e-16,1.0,0.16529888822158656
2020-01-01,10188,9.229063985974285,2020,1,Jan,1,Winter,9.187685681411377,9.212936997823448,9.113388845899733,8.824824939175638,9.171337175044853,0.05174856406864121,0.04137830456290814,0.49999999999999994,0.8660254037844387,0.22313016014842982
2020-02-01,10188,9.229063985974285,2020,2,Feb,1,Winter,9.229063985974285,9.187685681411377,9.212936997823448,8.864464055279676,9.209895555069702,0.020856145440620182,0.0,0.8660254037844386,0.5000000000000001,0.22313016014842982
2020-03-01,10375,9.24725072599628,2020,3,Mar,1,Summer,9.229063985974285,9.229063985974285,9.187685681411377,8.968396191198256,9.215271217786649,0.023889775277938913,0.01818674002199394,1.0,6.123233995736766e-17,0.22313016014842982
2020-04-01,10850,9.292012520620208,2020,4,Apr,2,Summer,9.24725072599628,9.229063985974285,9.229063985974285,8.952346543226227,9.235126232648284,0.010500119247379687,0.04476179462392871,0.8660254037844387,-0.4999999999999998,0.22313016014842982
2020-05-01,10950,9.301186055275759,2020,5,May,2,Summer,9.292012520620208,9.24725072599628,9.229063985974285,8.93353229607628,9.256109077530258,0.03239571418323479,0.009173534655550597,0.49999999999999994,-0.8660254037844387,0.22313016014842982
2020-06-01,10150,9.225327501784431,2020,6,Jun,2,Monsoon,9.301186055275759,9.292012520620208,9.24725072599628,8.921190556249368,9.280149767297415,0.028858250525966432,-0.07585855349132764,1.2246467991473532e-16,-1.0,0.22313016014842982
2020-07-01,9725,9.182557990963732,2020,7,Jul,3,Monsoon,9.225327501784431,9.301186055275759,9.292012520620208,8.93022956502072,9.272842025893466,0.04140363432719492,-0.04276951082069935,-0.4999999999999997,-0.8660254037844388,0.22313016014842982
2020-08-01,9725,9.182557990963732,2020,8,Aug,3,Monsoon,9.182557990963732,9.225327501784431,9.301186055275759,9.004422601327041,9.23635718267464,0.060078239038852115,0.0,-0.8660254037844385,-0.5000000000000004,0.22313016014842982
2020-09-01,10338,9.243678431586693,2020,9,Sep,3,Monsoon,9.182557990963732,9.182557990963732,9.225327501784431,9.058237593766226,9.196814494570631,0.02469298858544051,0.06112044062296107,-1.0,-1.8369701987210297e-16,0.22313016014842982
2020-10-01,10175,9.227787285579904,2020,10,Oct,4,Post-Monsoon,9.243678431586693,9.182557990963732,9.182557990963732,9.113388845899733,9.202931471171384,0.03528790284665485,-0.01589114600678876,-0.8660254037844386,0.5000000000000001,0.22313016014842982
2020-11-01,10013,9.211739392889891,2020,11,Nov,4,Post-Monsoon,9.227787285579904,9.243678431586693,9.182557990963732,9.212936997823448,9.21800790271011,0.03171205311031947,-0.016047892690012944,-0.5000000000000004,0.8660254037844384,0.22313016014842982
2020-12-01,9925,9.202912856147385,2020,12,Dec,4,Winter,9.211739392889891,9.227787285579904,9.243678431586693,9.187685681411377,9.227735036685495,0.01596958345352632,-0.008826536742505553,-2.4492935982947064e-16,1.0,0.22313016014842982
2021-01-01,10425,9.252057965328051,2021,1,Jan,1,Winter,9.202912856147385,9.211739392889891,9.227787285579904,9.229063985974285,9.214146511539061,0.012610708744619234,0.049145109180665614,0.49999999999999994,0.8660254037844387,0.30119421191220214
2021-02-01,10838,9.29090601981575,2021,2,Feb,1,Winter,9.252057965328051,9.202912856147385,9.211739392889891,9.229063985974285,9.222236738121776,0.0262003078566437,0.03884805448769946,0.8660254037844386,0.5000000000000001,0.30119421191220214
2021-03-01,12075,9.39897529082673,2021,3,Mar,1,Summer,9.29090601981575,9.252057965328051,9.202912856147385,9.24725072599628,9.248625613763728,0.044096881874322556,0.1080692710109794,1.0,6.123233995736766e-17,0.30119421191220214
2021-04-01,10863,9.293209849798478,2021,4,Apr,2,Summer,9.39897529082673,9.29090601981575,9.252057965328051,9.292012520620208,9.313979758656844,0.07612800536597704,-0.10576544102825203,0.8660254037844387,-0.4999999999999998,0.30119421191220214
2021-05-01,10863,9.293209849798478,2021,5,May,2,Summer,9.293209849798478,9.39897529082673,9.29090601981575,9.301186055275759,9.32769705348032,0.061739511235162046,0.0,0.49999999999999994,-0.8660254037844387,0.30119421191220214
2021-06-01,5070,8.531293315795018,2021,6,Jun,2,Monsoon,9.293209849798478,9.293209849798478,9.39897529082673,9.225327501784431,9.328464996807895,0.06106370584862866,-0.7619165340034595,1.2246467991473532e-16,-1.0,0.30119421191220214
2021-07-01,4638,8.442254104751743,2021,7,Jul,3,Monsoon,8.531293315795018,9.293209849798478,9.293209849798478,9.182557990963732,9.039237671797325,0.43989271600692426,-0.08903921104327495,-0.4999999999999997,-0.8660254037844388,0.30119421191220214
2021-08-01,4569,8.42726848388825,2021,8,Aug,3,Monsoon,8.442254104751743,8.531293315795018,9.293209849798478,9.182557990963732,8.755585756781747,0.46771972838426434,-0.01498562086349331,-0.8660254037844385,-0.5000000000000004,0.30119421191220214
2021-09-01,4715,8.458716261657262,2021,9,Sep,3,Monsoon,8.42726848388825,8.442254104751743,8.531293315795018,9.243678431586693,8.46693863481167,0.05623420606284048,0.031447777769011864,-1.0,-1.8369701987210297e-16,0.30119421191220214
2021-10-01,5144,8.545780648268149,2021,10,Oct,4,Post-Monsoon,8.458716261657262,8.42726848388825,8.442254104751743,9.227787285579904,8.442746283432419,0.01572966501687698,0.08706438661088711,-0.8660254037844386,0.5000000000000001,0.30119421191220214
2021-11-01,5194,8.555451903533328,2021,11,Nov,4,Post-Monsoon,8.545780648268149,8.458716261657262,8.42726848388825,9.211739392889891,8.477255131271221,0.06139259353883896,0.009671255265178758,-0.5000000000000004,0.8660254037844384,0.30119421191220214
2021-12-01,5102,8.537583881063972,2021,12,Dec,4,Winter,8.555451903533328,8.545780648268149,8.458716261657262,9.202912856147385,8.519982937819579,0.05327839619006178,-0.01786802246935615,-2.4492935982947064e-16,1.0,0.30119421191220214
2022-01-01,5218,8.560061091643414,2022,1,Jan,1,Winter,8.537583881063972,8.555451903533328,8.545780648268149,9.252057965328051,8.546272144288482,0.008944145179678157,0.022477210579442186,0.49999999999999994,0.8660254037844387,0.40656965974059917
2022-02-01,4865,8.490027523343468,2022,2,Feb,1,Winter,8.560061091643414,8.537583881063972,8.555451903533328,9.29090601981575,8.551032292080237,0.011872488067193623,-0.07003356829994623,0.8660254037844386,0.5000000000000001,0.40656965974059917
2022-03-01,4956,8.508555998020574,2022,3,Mar,1,Summer,8.490027523343468,8.560061091643414,8.537583881063972,9.39897529082673,8.529224165350286,0.03575736018383264,0.018528474677106388,1.0,6.123233995736766e-17,0.40656965974059917
2022-04-01,4819,8.480529207044645,2022,4,Apr,2,Summer,8.508555998020574,8.490027523343468,8.560061091643414,9.293209849798478,8.519548204335818,0.03628769243095716,-0.02802679097592886,0.8660254037844387,-0.4999999999999998,0.40656965974059917
2022-05-01,5015,8.520388082312756,2022,5,May,2,Summer,8.480529207044645,8.508555998020574,8.490027523343468,9.293209849798478,8.49303757613623,0.014253791301394817,0.03985887526811105,0.49999999999999994,-0.8660254037844387,0.40656965974059917
2022-06-01,5600,8.630700432209832,2022,6,Jun,2,Monsoon,8.520388082312756,8.480529207044645,8.508555998020574,8.531293315795018,8.503157762459326,0.020470422438020247,0.11031234989707528,1.2246467991473532e-16,-1.0,0.40656965974059917
2022-07-01,5856,8.675392806089782,2022,7,Jul,3,Monsoon,8.630700432209832,8.520388082312756,8.480529207044645,8.442254104751743,8.543872573855744,0.0777913248645264,0.04469237387995051,-0.4999999999999997,-0.8660254037844388,0.40656965974059917
2022-08-01,6450,8.771990436532242,2022,8,Aug,3,Monsoon,8.675392806089782,8.630700432209832,8.520388082312756,8.42726848388825,8.60882710687079,0.07978375692670564,0.09659763044246006,-0.8660254037844385,-0.5000000000000004,0.40656965974059917
2022-09-01,6982,8.851233902846035,2022,9,Sep,3,Monsoon,8.771990436532242,8.675392806089782,8.630700432209832,8.458716261657262,8.692694558277283,0.07221654451665874,0.07924346631379287,-1.0,-1.8369701987210297e-16,0.40656965974059917
2022-10-01,7300,8.895766604056085,2022,10,Oct,4,Post-Monsoon,8.851233902846035,8.771990436532242,8.675392806089782,8.545780648268149,8.76620571515602,0.08806315959675129,0.04453270121005026,-0.8660254037844386,0.5000000000000001,0.40656965974059917
2022-11-01,7141,8.873748128154395,2022,11,Nov,4,Post-Monsoon,8.895766604056085,8.851233902846035,8.771990436532242,8.555451903533328,8.839663647811454,0.0626940030058634,-0.022018475901690593,-0.5000000000000004,0.8660254037844384,0.40656965974059917
2022-12-01,7250,8.888894669371593,2022,12,Dec,4,Winter,8.873748128154395,8.895766604056085,8.851233902846035,8.537583881063972,8.873582878352172,0.022266810501096523,0.015146541217198717,-2.4492935982947064e-16,1.0,0.40656965974059917
2023-01-01,6681,8.807172622916703,2023,1,Jan,1,Winter,8.888894669371593,8.873748128154395,8.895766604056085,8.560061091643414,8.886136467194024,0.011265393011373054,-0.08172204645489067,0.49999999999999994,0.8660254037844387,0.5488116360940265
2023-02-01,6612,8.796792687674662,2023,2,Feb,1,Winter,8.807172622916703,8.888894669371593,8.873748128154395,8.490027523343468,8.856605140147563,0.043474529871504734,-0.010379935242040617,0.8660254037844386,0.5000000000000001,0.5488116360940265
2023-03-01,6510,8.781248333236862,2023,3,Mar,1,Summer,8.796792687674662,8.807172622916703,8.888894669371593,8.508555998020574,8.830953326654319,0.05044635924246798,-0.015544354437800223,1.0,6.123233995736766e-17,0.5488116360940265
2023-04-01,6525,8.783549477153265,2023,4,Apr,2,Summer,8.781248333236862,8.796792687674662,8.807172622916703,8.480529207044645,8.79507121460941,0.013047597517890518,0.0023011439164033476,0.8660254037844387,-0.4999999999999998,0.5488116360940265
2023-05-01,6669,8.80537513890967,2023,5,May,2,Summer,8.783549477153265,8.781248333236862,8.796792687674662,8.520388082312756,8.787196832688263,0.008389525643496118,0.021825661756404102,0.49999999999999994,-0.8660254037844387,0.5488116360940265
2023-06-01,6823,8.828201089171515,2023,6,Jun,2,Monsoon,8.80537513890967,8.783549477153265,8.781248333236862,8.630700432209832,8.790057649766597,0.01331513879270463,0.022825950261845307,1.2246467991473532e-16,-1.0,0.5488116360940265
2023-07-01,6925,8.843037724962366,2023,7,Jul,3,Monsoon,8.828201089171515,8.80537513890967,8.783549477153265,8.675392806089782,8.805708568411482,0.022327673308783522,0.014836635790851815,-0.4999999999999997,-0.8660254037844388,0.5488116360940265
2023-08-01,7000,8.853808274977197,2023,8,Aug,3,Monsoon,8.843037724962366,8.828201089171515,8.80537513890967,8.771990436532242,8.82553798434785,0.018971997589159798,0.01077055001483096,-0.8660254037844385,-0.5000000000000004,0.5488116360940265
2023-09-01,7040,8.859505484519133,2023,9,Sep,3,Monsoon,8.853808274977197,8.843037724962366,8.828201089171515,8.851233902846035,8.841682363037025,0.01285728376003081,0.005697209541935422,-1.0,-1.8369701987210297e-16,0.5488116360940265
2023-10-01,7262,8.890548245606167,2023,10,Oct,4,Post-Monsoon,8.859505484519133,8.853808274977197,8.843037724962366,8.895766604056085,8.852117161486232,0.008363113943818225,0.03104276108703452,-0.8660254037844386,0.5000000000000001,0.5488116360940265
2023-11-01,8400,9.036106025364846,2023,11,Nov,4,Post-Monsoon,8.890548245606167,8.859505484519133,8.853808274977197,8.873748128154395,8.867954001700832,0.019773452970704555,0.14555777975867912,-0.5000000000000004,0.8660254037844384,0.5488116360940265
2023-12-01,16163,9.690541826198364,2023,12,Dec,4,Winter,9.036106025364846,8.890548245606167,8.859505484519133,8.888894669371593,8.928719918496716,0.09428544540490325,0.654435800833518,-2.4492935982947064e-16,1.0,0.5488116360940265
2024-01-01,13488,9.50962981746968,2024,1,Jan,1,Winter,9.690541826198364,9.036106025364846,8.890548245606167,8.807172622916703,9.205732032389792,0.4261187263446767,-0.18091200872868463,0.49999999999999994,0.8660254037844387,0.7408182206817179
2024-02-01,13550,9.514215624322715,2024,2,Feb,1,Winter,9.50962981746968,9.690541826198364,9.036106025364846,8.796792687674662,9.412092556344296,0.33794480663866366,0.0045858068530346685,0.8660254037844386,0.5000000000000001,0.7408182206817179
2024-03-01,15150,9.625821815359835,2024,3,Mar,1,Summer,9.514215624322715,9.50962981746968,9.690541826198364,8.781248333236862,9.571462422663586,0.10315127563818667,0.11160619103712044,1.0,6.123233995736766e-17,0.7408182206817179
2024-04-01,15863,9.671807670199632,2024,4,Apr,2,Summer,9.625821815359835,9.514215624322715,9.50962981746968,8.783549477153265,9.54988908571741,0.06579963510041904,0.04598585483979711,0.8660254037844387,-0.4999999999999998,0.7408182206817179
2024-05-01,15863,9.671807670199632,2024,5,May,2,Summer,9.671807670199632,9.625821815359835,9.514215624322715,8.80537513890967,9.603948369960728,0.08104103245364283,0.0,0.49999999999999994,-0.8660254037844387,0.7408182206817179
2024-06-01,15488,9.647885373547759,2024,6,Jun,2,Monsoon,9.671807670199632,9.671807670199632,9.625821815359835,8.828201089171515,9.6564790519197,0.02654994567093827,-0.02392229665187351,1.2246467991473532e-16,-1.0,0.7408182206817179
2024-07-01,15294,9.635281256585003,2024,7,Jul,3,Monsoon,9.647885373547759,9.671807670199632,9.671807670199632,8.843037724962366,9.663833571315674,0.013811544412108094,-0.01260411696275554,-0.4999999999999997,-0.8660254037844388,0.7408182206817179
2024-08-01,15263,9.633252393688068,2024,8,Aug,3,Monsoon,9.635281256585003,9.647885373547759,9.671807670199632,8.853808274977197,9.651658100110799,0.01855316205368805,-0.0020288628969353795,-0.8660254037844385,-0.5000000000000004,0.7408182206817179
2024-09-01,14363,9.572480355345974,2024,9,Sep,3,Monsoon,9.633252393688068,9.635281256585003,9.647885373547759,8.859505484519133,9.63880634127361,0.00792784279951486,-0.06077203834209399,-1.0,-1.8369701987210297e-16,0.7408182206817179
2024-10-01,13738,9.527993782923948,2024,10,Oct,4,Post-Monsoon,9.572480355345974,9.633252393688068,9.635281256585003,8.890548245606167,9.613671335206348,0.03568685594964204,-0.04448657242202536,-0.8660254037844386,0.5000000000000001,0.7408182206817179
2024-11-01,13438,9.505916206547065,2024,11,Nov,4,Post-Monsoon,9.527993782923948,9.572480355345974,9.633252393688068,9.036106025364846,9.577908843985997,0.05283886024222352,-0.022077576376883457,-0.5000000000000004,0.8660254037844384,0.7408182206817179
2024-12-01,12250,9.41336284529417,2024,12,Dec,4,Winter,9.505916206547065,9.527993782923948,9.572480355345974,9.690541826198364,9.53546344827233,0.03390491707194906,-0.09255336125289482,-2.4492935982947064e-16,1.0,0.7408182206817179
2025-01-01,11313,9.333796175903101,2025,1,Jan,1,Winter,9.41336284529417,9.505916206547065,9.527993782923948,9.50962981746968,9.482424278255062,0.06081912517160689,-0.0795666693910686,0.49999999999999994,0.8660254037844387,1.0
2025-02-01,11313,9.333796175903101,2025,2,Feb,1,Winter,9.333796175903101,9.41336284529417,9.505916206547065,9.514215624322715,9.417691742581447,0.08614163192686396,0.0,0.8660254037844386,0.5000000000000001,1.0
2025-03-01,14188,9.560222295507314,2025,3,Mar,1,Summer,9.333796175903101,9.333796175903101,9.41336284529417,9.625821815359835,9.360318399033458,0.04593783799156449,0.22642611960421277,1.0,6.123233995736766e-17,1.0
2025-04-01,14263,9.565494159542977,2025,4,Apr,2,Summer,9.560222295507314,9.333796175903101,9.333796175903101,9.671807670199632,9.409271549104504,0.13072718110509562,0.005271864035663043,0.8660254037844387,-0.4999999999999998,1.0
2025-05-01,14263,9.565494159542977,2025,5,May,2,Summer,9.565494159542977,9.560222295507314,9.333796175903101,9.671807670199632,9.486504210317797,0.13227530369919563,0.0,0.49999999999999994,-0.8660254037844387,1.0
2025-06-01,14263,9.565494159542977,2025,6,Jun,2,Monsoon,9.565494159542977,9.565494159542977,9.560222295507314,9.647885373547759,9.56373687153109,0.0030437121222025667,0.0,1.2246467991473532e-16,-1.0,1.0
2025-07-01,16000,9.680406499268875,2025,7,Jul,3,Monsoon,9.565494159542977,9.565494159542977,9.565494159542977,9.635281256585003,9.565494159542977,1.1264593119749616e-07,0.11491233972589754,-0.4999999999999997,-0.8660254037844388,1.0
2025-08-01,15025,9.617537312929105,2025,8,Aug,3,Monsoon,9.680406499268875,9.565494159542977,9.565494159542977,9.633252393688068,9.603798272784942,0.06634467027405563,-0.06286918633976946,-0.8660254037844385,-0.5000000000000004,1.0
2025-09-01,15750,9.664659134301736,2025,9,Sep,3,Monsoon,9.617537312929105,9.680406499268875,9.565494159542977,9.572480355345974,9.621145990580318,0.057541101580749494,0.04712182137263099,-1.0,-1.8369701987210297e-16,1.0
