date,avg_monthly_price,price,year,month,month_name,quarter,season,lag_1,lag_2,lag_3,lag_12,rolling_mean_3,rolling_std_3,diff_1,sin_month,cos_month,weight,iqr_outlier,zscore,zscore_outlier,roll_3,roll_6,roll_12,ewm_24,price_diff,pct_change,rolling_std3,rolling_std6
2006-01-01,4000,8.294299608857235,2006,1,Jan,1,Winter,8.246433786160365,8.448057452581375,8.425735580927402,8.612685172875459,8.373408939889714,0.11052865572771729,0.04786582269687045,0.49999999999999994,0.8660254037844387,0.003345965457471272,False,1.4559251141003073,False,,,,4000.0,,,,
2006-02-01,4755,8.467162257810672,2006,2,Feb,1,Winter,8.294299608857235,8.246433786160365,8.448057452581375,8.608312784783722,8.32959694919966,0.10534444642076367,0.17286264895343706,0.8660254037844386,0.5000000000000001,0.003345965457471272,False,1.1853811720528373,False,4310.333333333333,,,4060.4,755.0,18.874999999999996,,
2006-03-01,4176,8.337348564497175,2006,3,Mar,1,Summer,8.467162257810672,8.294299608857235,8.246433786160365,8.606485298894999,8.335965217609425,0.11611322820327519,-0.12981369331349768,1.0,6.123233995736766e-17,0.003345965457471272,False,1.3928579170137447,False,4143.666666666667,,,4069.648,-579.0,-12.176656151419563,395.0194088058627,
2006-04-01,3500,8.160803920954665,2006,4,Apr,2,Summer,8.337348564497175,8.467162257810672,8.294299608857235,8.610319169405722,8.366270143721694,0.08998731665867223,-0.17654464354250976,0.8660254037844387,-0.4999999999999998,0.003345965457471272,False,1.6350932876416782,False,4558.666666666667,4565.833333333333,,4024.07616,-676.0,-16.187739463601535,628.1244568820208,
2006-05-01,6000,8.699681400989514,2006,5,May,2,Summer,8.160803920954665,8.337348564497175,8.467162257810672,8.678801706612651,8.321771581087503,0.15377203728051891,0.5388774800348486,0.49999999999999994,-0.8660254037844387,0.003345965457471272,False,0.7392524199348238,False,4821.333333333333,4671.166666666667,,4182.1500672,2500.0,71.42857142857142,1293.1841838397704,
2006-06-01,4964,8.510168576479273,2006,6,Jun,2,Monsoon,8.699681400989514,8.160803920954665,8.337348564497175,8.528924114291936,8.399277962147117,0.2747247210247732,-0.1895128245102402,1.2246467991473532e-16,-1.0,0.003345965457471272,False,1.1104888755125444,False,5198.666666666667,4661.333333333333,,4244.698061824,-1036.0,-17.266666666666662,1256.0912917990208,878.5548171097047
2006-07-01,4632,8.440959885416648,2006,7,Jul,3,Monsoon,8.510168576479273,8.699681400989514,8.160803920954665,8.501063809486354,8.456884632807816,0.27336169924125014,-0.0692086910626255,-0.4999999999999997,-0.8660254037844388,0.003345965457471272,False,1.2294565427440145,False,4764.0,4759.0,4548.75,4275.682216878081,-332.0,-6.688154713940375,713.5526142712488,833.898415076241
2006-08-01,4696,8.454679286026995,2006,8,Aug,3,Monsoon,8.440959885416648,8.510168576479273,8.699681400989514,8.546751993657782,8.550269954295144,0.1339413902874275,0.01371940061034671,-0.8660254037844385,-0.5000000000000004,0.003345965457471272,False,1.206523016530719,False,4696.666666666667,4924.666666666667,4558.583333333333,4309.307639527835,64.0,1.3816925734024155,176.13631085043298,833.0595817026935
2006-09-01,4762,8.46863300080086,2006,9,Sep,3,Monsoon,8.454679286026995,8.440959885416648,8.510168576479273,8.496990484098719,8.46860258264097,0.03664497743348731,0.013953714773865755,-1.0,-1.8369701987210297e-16,0.003345965457471272,False,1.1828728176232581,False,4650.666666666667,4648.666666666667,4490.25,4345.523028365608,66.0,1.4054514480408953,65.00256405199465,798.4101702759052
2006-10-01,4494,8.410720946905721,2006,10,Oct,4,Post-Monsoon,8.46863300080086,8.454679286026995,8.440959885416648,8.425735580927402,8.454757390748167,0.01383672302343195,-0.05791205389513898,-0.8660254037844386,0.5000000000000001,0.003345965457471272,False,1.278906958641433,False,4533.333333333333,4531.666666666667,4475.583333333333,4357.40118609636,-268.0,-5.627887442251156,139.6328519129137,549.1384767676243
2006-11-01,4344,8.376781037699493,2006,11,Nov,4,Post-Monsoon,8.410720946905721,8.46863300080086,8.454679286026995,8.448057452581375,8.44467774457786,0.03022374265551763,-0.03393990920622869,-0.5000000000000004,0.8660254037844384,0.003345965457471272,False,1.3326574107038442,False,4366.666666666667,4446.0,4524.583333333333,4356.329091208651,-150.0,-3.337783711615483,211.75772319642476,215.19355628518917
2006-12-01,4262,8.35772841676521,2006,12,Dec,4,Winter,8.376781037699493,8.410720946905721,8.46863300080086,8.246433786160365,8.418711661802025,0.046444422967763375,-0.01905262093428206,-2.4492935982947064e-16,1.0,0.003345965457471272,False,1.362040991164629,False,4241.333333333333,4319.166666666667,4377.166666666667,4348.78276391196,-82.0,-1.8876611418047862,117.64919605901957,199.74149961053905
2007-01-01,4118,8.323365694436081,2007,1,Jan,1,Winter,8.35772841676521,8.376781037699493,8.410720946905721,8.294299608857235,8.381743467123476,0.026842528606915626,-0.034362722329129625,0.49999999999999994,0.8660254037844387,0.00451658094261267,False,1.4136414251445437,False,4105.0,4192.166666666667,4317.666666666667,4330.3201427990025,-144.0,-3.378695448146407,114.40862438353862,251.59650236042697
2007-02-01,3935,8.277920258172143,2007,2,Feb,1,Winter,8.323365694436081,8.35772841676521,8.376781037699493,8.467162257810672,8.352625049633595,0.027070888257417595,-0.04544543626393782,0.8660254037844386,0.5000000000000001,0.00451658094261267,False,1.4792169766606855,False,4017.6666666666665,4124.5,4265.416666666667,4298.694531375082,-183.0,-4.443904808159305,163.8871562996938,289.3457562617206
2007-03-01,4000,8.294299608857235,2007,3,Mar,1,Summer,8.277920258172143,8.323365694436081,8.35772841676521,8.337348564497175,8.319671456457812,0.040032125726500174,0.01637935068509222,1.0,6.123233995736766e-17,0.00451658094261267,False,1.4559251141003073,False,4007.6666666666665,4105.666666666667,4239.666666666667,4274.798968865076,65.0,1.6518424396442244,92.77032571535793,213.35268141428904
2007-04-01,4088,8.316055720364643,2007,4,Apr,2,Summer,8.294299608857235,8.277920258172143,8.323365694436081,8.160803920954665,8.298528520488487,0.023015965969118094,0.02175611150740764,0.8660254037844387,-0.4999999999999998,0.00451658094261267,False,1.4243915155570261,False,4106.333333333333,4103.666666666667,4241.833333333333,4259.85505135587,88.0,2.200000000000002,76.78758580222195,154.83636523762914
2007-05-01,4231,8.350429973538136,2007,5,May,2,Summer,8.316055720364643,8.294299608857235,8.277920258172143,8.699681400989514,8.296091862464674,0.01913079974548634,0.03437425317349252,0.49999999999999994,-0.8660254037844387,0.00451658094261267,False,1.373149417924194,False,4189.666666666667,4084.8333333333335,4289.833333333333,4257.546647247401,143.0,3.498043052837563,116.58616270095536,127.20482171154968
2007-06-01,4250,8.35490952835879,2007,6,Jun,2,Monsoon,8.350429973538136,8.316055720364643,8.294299608857235,8.510168576479273,8.320261767586672,0.028300575696023702,0.004479554820655096,1.2246467991473532e-16,-1.0,0.00451658094261267,False,1.366341027329622,False,4162.0,4160.166666666667,4314.333333333333,4256.942915467609,19.0,0.44906641455919605,88.5569496614108,124.31679961560765
2007-07-01,4005,8.295548516225763,2007,7,Jul,3,Monsoon,8.35490952835879,8.350429973538136,8.316055720364643,8.440959885416648,8.34046507408719,0.02125744610037795,-0.05936101213302791,-0.4999999999999997,-0.8660254037844388,0.00451658094261267,False,1.4541334323648936,False,4214.0,4291.5,4339.916666666667,4236.7874822302,-245.0,-5.7647058823529385,136.29746879527985,130.13441768674093
2007-08-01,4387,8.38662882139512,2007,8,Aug,3,Monsoon,8.295548516225763,8.35490952835879,8.350429973538136,8.454679286026995,8.333629339374228,0.0330549303674167,0.09108030516935806,-0.8660254037844385,-0.5000000000000004,0.00451658094261267,False,1.3172489477792864,False,4393.333333333333,4455.166666666667,4389.666666666667,4248.804483651784,382.0,9.538077403245948,193.5277757842535,154.58255615258508
2007-09-01,4788,8.47407690034261,2007,9,Sep,3,Monsoon,8.38662882139512,8.295548516225763,8.35490952835879,8.46863300080086,8.345695621993224,0.04623394370286054,0.08744807894748874,-1.0,-1.8369701987210297e-16,0.00451658094261267,False,1.1735560725991068,False,4748.333333333333,4523.0,4490.416666666667,4291.940124959641,401.0,9.140642808297251,391.53841871945815,277.31191824369944
2007-10-01,5070,8.531293315795018,2007,10,Oct,4,Post-Monsoon,8.47407690034261,8.38662882139512,8.295548516225763,8.410720946905721,8.385418079321164,0.0892703500951953,0.05721641545240885,-0.8660254037844386,0.5000000000000001,0.00451658094261267,False,1.0725052227217737,False,4832.0,4576.166666666667,4589.916666666667,4354.184914962871,282.0,5.889724310776945,343.2234451976349,397.0991899597211
2007-11-01,4638,8.442254104751743,2007,11,Nov,4,Post-Monsoon,8.531293315795018,8.47407690034261,8.38662882139512,8.376781037699493,8.463999679177583,0.07285682380394815,-0.08903921104327495,-0.5000000000000004,0.8660254037844384,0.00451658094261267,False,1.227306524661518,False,4759.0,4694.5,4674.416666666667,4376.890121765841,-432.0,-8.520710059171599,219.3353596664264,385.7481043375327
2007-12-01,4569,8.42726848388825,2007,12,Dec,4,Winter,8.442254104751743,8.531293315795018,8.47407690034261,8.35772841676521,8.482541440296457,0.0451190824737528,-0.01498562086349331,-2.4492935982947064e-16,1.0,0.00451658094261267,False,1.2520317326102273,False,4640.666666666667,4820.666666666667,4756.666666666667,4392.258912024574,-69.0,-1.487710219922378,271.53452819116876,361.83831564203734
2008-01-01,4715,8.458716261657262,2008,1,Jan,1,Winter,8.42726848388825,8.442254104751743,8.531293315795018,8.323365694436081,8.46693863481167,0.05623420606282034,0.031447777769011864,0.49999999999999994,0.8660254037844387,0.006096746565515638,False,1.199714625936147,False,4809.333333333333,4888.333333333333,4807.916666666667,4418.078199062608,146.0,3.1954475815276773,73.03652054509404,229.6351453937308
2008-02-01,5144,8.545780648268149,2008,2,Feb,1,Winter,8.458716261657262,8.42726848388825,8.442254104751743,8.277920258172143,8.442746283432419,0.015729665016800214,0.08706438661088711,0.8660254037844386,0.5000000000000001,0.006096746565515638,False,1.0459883330376507,False,5017.666666666667,4893.666666666667,4887.166666666667,4476.1519431376,429.0,9.098621420996821,298.8818049552934,234.79664960698761
2008-03-01,5194,8.555451903533328,2008,3,Mar,1,Summer,8.545780648268149,8.458716261657262,8.42726848388825,8.294299608857235,8.477255131271221,0.061392593538821046,0.009671255265178758,1.0,6.123233995736766e-17,0.006096746565515638,False,1.0280715156835136,False,5146.666666666667,4990.333333333333,4923.166666666667,4533.579787686593,50.0,0.9720062208398161,263.306538721191,278.0235002057675
2008-04-01,5102,8.537583881063972,2008,4,Apr,2,Summer,8.555451903533328,8.545780648268149,8.458716261657262,8.316055720364643,8.519982937819579,0.053278396190043625,-0.01786802246935615,0.8660254037844387,-0.4999999999999998,0.006096746565515638,False,1.0610384596151259,False,5171.333333333333,5039.666666666667,4942.083333333333,4579.053404671666,-92.0,-1.7712745475548686,46.05793453178273,282.4766657029681
2008-05-01,5218,8.560061091643414,2008,5,May,2,Summer,8.537583881063972,8.555451903533328,8.545780648268149,8.350429973538136,8.546272144288482,0.008944145179579163,0.022477210579442186,0.49999999999999994,-0.8660254037844387,0.006096746565515638,False,1.019471443353528,False,5061.666666666667,5079.833333333333,4986.25,4630.169132297932,116.0,2.2736181889455143,61.231800017098905,276.6677911623725
2008-06-01,4865,8.490027523343468,2008,6,Jun,2,Monsoon,8.560061091643414,8.537583881063972,8.555451903533328,8.35490952835879,8.551032292080238,0.011872488067119935,-0.07003356829994623,1.2246467991473532e-16,-1.0,0.006096746565515638,False,1.1459641738737358,False,5013.0,5025.666666666667,5087.75,4648.955601714098,-353.0,-6.765044078190874,179.92313173501074,203.13017172903218
2008-07-01,4956,8.508555998020574,2008,7,Jul,3,Monsoon,8.490027523343468,8.560061091643414,8.537583881063972,8.295548516225763,8.529224165350284,0.035757360183807554,0.018528474677106388,-0.4999999999999997,-0.8660254037844388,0.006096746565515638,False,1.1133555662892063,False,4880.0,4995.833333333333,5244.5,4673.51915357697,91.0,1.8705035971223083,183.27302038216294,140.15764933340628
2008-08-01,4819,8.480529207044645,2008,8,Aug,3,Monsoon,8.508555998020574,8.490027523343468,8.560061091643414,8.38662882139512,8.51954820433582,0.03628769243093244,-0.02802679097592886,-0.8660254037844385,-0.5000000000000004,0.006096746565515638,False,1.1624476458395419,False,4930.0,5078.833333333333,5433.416666666667,4685.157621290813,-137.0,-2.7643260694108163,69.72087205421855,170.01960671247951
2008-09-01,5015,8.520388082312756,2008,9,Sep,3,Monsoon,8.480529207044645,8.508555998020574,8.490027523343468,8.47407690034261,8.49303757613623,0.014253791301331881,0.03985887526811105,-1.0,-1.8369701987210297e-16,0.006096746565515638,False,1.0922137218113244,False,5144.666666666667,5185.166666666667,5613.083333333333,4711.545011587548,196.0,4.067233865947295,100.55346836385462,148.9770675864789
2008-10-01,5600,8.630700432209832,2008,10,Oct,4,Post-Monsoon,8.520388082312756,8.480529207044645,8.508555998020574,8.531293315795018,8.503157762459326,0.020470422437976424,0.11031234989707528,-0.8660254037844386,0.5000000000000001,0.006096746565515638,False,0.8825869587679206,False,5490.333333333333,5449.333333333333,5775.333333333333,4782.621410660545,585.0,11.665004985044858,406.3254032586862,290.9923824890713
2008-11-01,5856,8.675392806089782,2008,11,Nov,4,Post-Monsoon,8.630700432209832,8.520388082312756,8.480529207044645,8.442254104751743,8.543872573855746,0.07779132486451487,0.04469237387995051,-0.5000000000000004,0.8660254037844384,0.006096746565515638,False,0.7908528539147387,False,5968.666666666667,5787.0,5954.333333333333,4868.491697807702,256.0,4.571428571428582,431.09202420519676,433.6272208552706
2008-12-01,6450,8.771990436532242,2008,12,Dec,4,Winter,8.675392806089782,8.630700432209832,8.520388082312756,8.42726848388825,8.60882710687079,0.07978375692669439,0.09659763044246006,-2.4492935982947064e-16,1.0,0.006096746565515638,False,0.5780010637475901,False,6429.333333333333,6200.5,6120.5,4995.012361983086,594.0,10.143442622950815,436.0565712534716,635.4140907051595
2009-01-01,6982,8.851233902846035,2009,1,Jan,1,Winter,8.771990436532242,8.675392806089782,8.630700432209832,8.458716261657262,8.692694558277285,0.0722165445166463,0.07924346631379287,0.49999999999999994,0.8660254037844387,0.00822974704902003,False,0.38736612709957147,False,6910.666666666667,6554.833333333333,6310.916666666667,5153.971373024439,532.0,8.248062015503876,563.2844160220785,829.4976793216463
2009-02-01,7300,8.895766604056085,2009,2,Feb,1,Winter,8.851233902846035,8.771990436532242,8.675392806089782,8.545780648268149,8.766205715156019,0.0880631595967411,0.04453270121005026,0.8660254037844386,0.5000000000000001,0.00822974704902003,False,0.27341516872725957,False,7141.0,6829.833333333333,6573.416666666667,5325.653663182485,318.0,4.554568891435129,429.46633550644464,867.9381890434336
2009-03-01,7141,8.873748128154395,2009,3,Mar,1,Summer,8.895766604056085,8.851233902846035,8.771990436532242,8.555451903533328,8.839663647811454,0.0626940030058491,-0.022018475901690593,1.0,6.123233995736766e-17,0.00822974704902003,False,0.3303906479134155,False,7230.333333333333,7055.833333333333,6752.166666666667,5470.881370127886,-159.0,-2.178082191780817,159.00000000000202,706.0312788160735
2009-04-01,7250,8.888894669371593,2009,4,Apr,2,Summer,8.873748128154395,8.895766604056085,8.851233902846035,8.537583881063972,8.873582878352172,0.022266810501056226,0.015146541217198717,0.8660254037844387,-0.4999999999999998,0.00822974704902003,False,0.29133198608139665,False,7201.0,7172.5,6912.583333333333,5613.210860517655,109.0,1.5263968631844316,81.30395644329973,567.4858294853353
2009-05-01,7212,8.883640232503673,2009,5,May,2,Summer,8.888894669371593,8.873748128154395,8.895766604056085,8.560061091643414,8.886136467194026,0.011265393011293404,-0.005254436867920376,0.49999999999999994,-0.8660254037844387,0.00822974704902003,False,0.3049487672705409,False,7204.0,7359.833333333333,7002.666666666667,5741.113991676243,-38.0,-0.5241379310344851,55.32630477449789,316.6843328405404
2009-06-01,7150,8.875007486048396,2009,6,Jun,2,Monsoon,8.883640232503673,8.888894669371593,8.873748128154395,8.490027523343468,8.882094343343221,0.00769069292617,-0.008632746455276674,1.2246467991473532e-16,-1.0,0.00822974704902003,False,0.3271656207896708,False,7489.333333333333,7303.833333333333,7065.666666666667,5853.824872342144,-62.0,-0.8596783139212416,50.477717856502075,111.00585570135958
2009-07-01,8106,9.000483164987708,2009,7,Jul,3,Monsoon,8.875007486048396,8.883640232503673,8.888894669371593,8.508555998020574,8.882514129307888,0.0070117434686354715,0.12547567893931166,-0.4999999999999997,-0.8660254037844388,0.00822974704902003,False,0.015403927021430274,False,7406.666666666667,7270.333333333333,7070.666666666667,6033.998882554773,956.0,13.370629370629361,534.9479725481107,370.45400074321907
2009-08-01,6964,8.848652886213905,2009,8,Aug,3,Monsoon,9.000483164987708,8.875007486048396,8.883640232503673,8.480529207044645,8.919710294513258,0.07008440291073001,-0.15183027877380262,-0.8660254037844385,-0.5000000000000004,0.00822974704902003,False,0.3938161813470608,False,7336.666666666667,7175.5,7032.583333333333,6108.398971950392,-1142.0,-14.088329632371089,612.7392049912705,405.0848882230207
2009-09-01,6940,8.845201135339584,2009,9,Sep,3,Monsoon,8.848652886213905,9.000483164987708,8.875007486048396,8.520388082312756,8.908047845750003,0.08112864731426815,-0.0034517508743210357,-1.0,-1.8369701987210297e-16,0.00822974704902003,False,0.4024162536770466,False,6861.666666666667,7075.5,6980.0,6174.927054194361,-24.0,-0.3446295232624963,666.3702674439597,428.8578630113447
2009-10-01,6681,8.807172622916703,2009,10,Oct,4,Post-Monsoon,8.845201135339584,8.848652886213905,9.000483164987708,8.630700432209832,8.898112395513733,0.08867248433446794,-0.03802851242288163,-0.8660254037844386,0.5000000000000001,0.00822974704902003,False,0.4952253675714767,False,6744.333333333333,6968.833333333333,6953.5,6215.4128898588115,-259.0,-3.731988472622483,156.92142407375292,492.4500989948026
2009-11-01,6612,8.796792687674662,2009,11,Nov,4,Post-Monsoon,8.807172622916703,8.845201135339584,8.848652886213905,8.675392806089782,8.833675548156732,0.023017003078907264,-0.010379935242040617,-0.5000000000000004,0.8660254037844384,0.00822974704902003,False,0.5199505755201859,False,6601.0,6705.333333333333,6926.416666666667,6247.139858670107,-69.0,-1.0327795240233528,172.92869436081043,541.9844093698555
2009-12-01,6510,8.781248333236862,2009,12,Dec,4,Winter,8.796792687674662,8.807172622916703,8.845201135339584,8.771990436532242,8.816388815310317,0.025486233597960477,-0.015544354437800223,-2.4492935982947064e-16,1.0,0.00822974704902003,False,0.5565008829226256,False,6549.0,6656.166666666667,6908.75,6268.168669976499,-102.0,-1.5426497277676976,86.02906485601952,585.6123006449386
2010-01-01,6525,8.783549477153265,2010,1,Jan,1,Winter,8.781248333236862,8.796792687674662,8.807172622916703,8.851233902846035,8.795071214609408,0.013047597517844671,0.0023011439164033476,0.49999999999999994,0.8660254037844387,0.011108996538242306,False,0.5511258377163845,False,6568.0,6636.666666666667,6899.583333333333,6288.715176378379,15.0,0.23041474654377225,55.072679252068454,200.9752886965417
2010-02-01,6669,8.80537513890967,2010,2,Feb,1,Winter,8.783549477153265,8.781248333236862,8.796792687674662,8.895766604056085,8.787196832688261,0.008389525643429816,0.021825661756404102,0.8660254037844386,0.5000000000000001,0.011108996538242306,False,0.49952540373646964,False,6672.333333333333,6677.333333333333,6829.25,6319.137962268109,144.0,2.206896551724147,87.78952101476128,156.1171568619488
2010-03-01,6823,8.828201089171515,2010,3,Mar,1,Summer,8.80537513890967,8.783549477153265,8.781248333236862,8.873748128154395,8.790057649766599,0.01331513879266171,0.022825950261845307,1.0,6.123233995736766e-17,0.011108996538242306,False,0.4443416062857274,False,6805.666666666667,6742.0,6948.916666666667,6359.44692528666,154.0,2.3091917828759856,149.02796158216276,115.63159891075772
2010-04-01,6925,8.843037724962366,2010,4,Apr,2,Summer,8.828201089171515,8.80537513890967,8.783549477153265,8.888894669371593,8.805708568411482,0.02232767330875419,0.014836635790851815,0.8660254037844387,-0.4999999999999998,0.011108996538242306,False,0.40779129888328775,False,6916.0,6830.333333333333,7150.75,6404.6911712637275,102.0,1.4949435732082739,128.87720253533823,166.19346156410097
2010-05-01,7000,8.853808274977197,2010,5,May,2,Summer,8.843037724962366,8.828201089171515,8.80537513890967,8.883640232503673,8.825537984347848,0.018971997589121253,0.01077055001483096,0.49999999999999994,-0.8660254037844387,0.011108996538242306,False,0.3809160728520821,False,6988.333333333333,6953.166666666667,7420.0,6452.31587756263,75.0,1.0830324909747224,88.84255736977197,206.32789438171366
2010-06-01,7040,8.859505484519133,2010,6,Jun,2,Monsoon,8.853808274977197,8.843037724962366,8.828201089171515,8.875007486048396,8.841682363037025,0.01285728375997003,0.005697209541935422,1.2246467991473532e-16,-1.0,0.011108996538242306,False,0.3665826189687724,False,7100.666666666667,7241.666666666667,7713.75,6499.33060735762,40.0,0.5714285714285783,58.38093296046721,200.50901891600364
2010-07-01,7262,8.890548245606167,2010,7,Jul,3,Monsoon,8.859505484519133,8.853808274977197,8.843037724962366,9.000483164987708,8.852117161486232,0.008363113943720905,0.03104276108703452,-0.4999999999999997,-0.8660254037844388,0.011108996538242306,False,0.28703194991640374,False,7567.333333333333,7664.833333333333,8031.25,6560.34415876901,222.0,3.1534090909090873,141.14295353766175,201.79139393606064
2010-08-01,8400,9.036106025364846,2010,8,Aug,3,Monsoon,8.890548245606167,8.859505484519133,8.853808274977197,8.848652886213905,8.867954001700832,0.019773452970661614,0.14555777975867912,-0.8660254037844385,-0.5000000000000004,0.011108996538242306,False,0.12075481306375635,False,8341.333333333334,8162.666666666667,8354.166666666666,6707.51662606749,1138.0,15.670614155879914,729.6035453130246,585.9660968577098
2010-09-01,9362,9.14452103093889,2010,9,Sep,3,Monsoon,9.036106025364846,8.890548245606167,8.859505484519133,8.845201135339584,8.928719918496716,0.09428544540489356,0.10841500557404338,-1.0,-1.8369701987210297e-16,0.011108996538242306,False,0.4654743789573539,False,9224.666666666666,8685.5,8664.25,6919.87529598209,962.0,11.452380952380947,1051.2284876911083,996.2823729579177
2010-10-01,9912,9.201602306032898,2010,10,Oct,4,Post-Monsoon,9.14452103093889,9.036106025364846,8.890548245606167,8.807172622916703,9.023725100636634,0.12743825718858165,0.05708127509400818,-0.8660254037844386,0.5000000000000001,0.011108996538242306,False,0.6625593698528619,False,9803.666666666666,9232.166666666666,8938.166666666666,7159.245272303523,550.0,5.87481307412947,765.2981989612508,1263.191935798618
2010-11-01,10137,9.224046019032295,2010,11,Nov,4,Post-Monsoon,9.201602306032898,9.14452103093889,9.036106025364846,8.796792687674662,9.127409787445545,0.08406456280241345,0.02244371299939729,-0.5000000000000004,0.8660254037844384,0.011108996538242306,False,0.7431850479464788,False,10123.0,9755.166666666666,9200.666666666666,7397.4656505192415,225.0,2.269975786924938,398.6957904635246,1332.9920854978825
2010-12-01,10320,9.241935933565934,2010,12,Dec,4,Winter,9.224046019032295,9.201602306032898,9.14452103093889,8.781248333236862,9.19005645200136,0.04100043892213939,0.017889914533638418,-2.4492935982947064e-16,1.0,0.011108996538242306,False,0.8087605994626205,False,10285.666666666666,10086.833333333334,9463.166666666666,7631.268398477703,183.0,1.8052678307191483,204.35997651204008,1187.8714436615858
2011-01-01,10400,9.249657234353133,2011,1,Jan,1,Winter,9.241935933565934,9.224046019032295,9.201602306032898,8.783549477153265,9.222528086210374,0.020209613245649176,0.007721300787199681,0.49999999999999994,0.8660254037844387,0.014995576820477703,False,0.8374275072292399,False,10370.0,10211.5,9720.25,7852.766926599487,80.0,0.7751937984496138,134.8196325960539,761.0909056523136
2011-02-01,10390,9.248695325852646,2011,2,Feb,1,Winter,9.249657234353133,9.241935933565934,9.224046019032295,8.80537513890967,9.238546395650454,0.013137743832929042,-0.0009619085004874961,0.8660254037844386,0.5000000000000001,0.014995576820477703,False,0.8338441437584124,False,10300.0,10238.666666666666,9967.166666666666,8055.745572471528,-10.0,-0.09615384615384581,43.58898943542614,400.70358953552955
2011-03-01,10110,9.2213792190914,2011,3,Mar,1,Summer,9.248695325852646,9.249657234353133,9.241935933565934,8.828201089171515,9.246762831257238,0.004207793125792431,-0.027316106761245962,1.0,6.123233995736766e-17,0.014995576820477703,False,0.7335099665752447,False,10191.666666666666,10240.833333333334,10143.833333333334,8220.085926673806,-280.0,-2.694898941289703,164.62077633154843,192.20796029298904
2011-04-01,10075,9.2179116374725,2011,4,Apr,2,Summer,9.2213792190914,9.248695325852646,9.249657234353133,8.843037724962366,9.23991059309906,0.016055845787638114,-0.0034675816188993736,0.8660254037844387,-0.4999999999999998,0.014995576820477703,False,0.7209681944273488,False,10111.666666666666,10208.333333333334,10189.666666666666,8368.479052539902,-35.0,-0.34619188921859445,172.6509001810734,147.79941362081888
2011-05-01,10150,9.225327501784431,2011,5,May,2,Summer,9.2179116374725,9.2213792190914,9.248695325852646,8.853808274977197,9.229328727472183,0.0168613427757139,0.00741586431193042,0.49999999999999994,-0.8660254037844387,0.014995576820477703,False,0.7478434204585545,False,10116.666666666666,10179.166666666666,10129.25,8511.00072833671,75.0,0.7444168734491274,37.52776749734655,146.0964293426021
2011-06-01,10125,9.222861652529854,2011,6,Jun,2,Monsoon,9.225327501784431,9.2179116374725,9.2213792190914,8.859505484519133,9.221539452782777,0.0037105278609013462,-0.002465849254576824,1.2246467991473532e-16,-1.0,0.014995576820477703,False,0.7388850117814859,False,10166.666666666666,10200.833333333334,9967.0,8640.120670069773,-25.0,-0.24630541871921707,38.188130791319246,146.65151436878503
2011-07-01,10225,9.232688775639945,2011,7,Jul,3,Monsoon,9.222861652529854,9.225327501784431,9.2179116374725,8.890548245606167,9.222033597262262,0.003776641037256062,0.009827123110090596,-0.4999999999999997,-0.8660254037844388,0.014995576820477703,False,0.7747186464897601,False,10290.0,10167.833333333334,9778.833333333334,8766.911016464192,100.0,0.9876543209876631,52.04164998666886,114.86586380060002
2011-08-01,10520,9.261128538808288,2011,8,Aug,3,Monsoon,9.232688775639945,9.222861652529854,9.225327501784431,9.036106025364846,9.226959309984743,0.005112747369437007,0.02843976316834329,-0.8660254037844385,-0.5000000000000004,0.014995576820477703,False,0.8804278688791689,False,10219.0,10019.833333333334,9583.0,8907.158135147056,295.0,2.8850855745721216,205.36552777913246,164.23814010959182
2011-09-01,9912,9.201602306032898,2011,9,Sep,3,Monsoon,9.261128538808288,9.232688775639945,9.222861652529854,9.14452103093889,9.238892988992696,0.019873546333336285,-0.05952623277539004,-1.0,-1.8369701987210297e-16,0.014995576820477703,False,0.6625593698528619,False,9873.0,9693.166666666666,9360.916666666666,8987.545484335293,-608.0,-5.779467680608363,304.04440465169165,201.74777983080244
2011-10-01,9187,9.125653563808989,2011,10,Oct,4,Post-Monsoon,9.201602306032898,9.261128538808288,9.232688775639945,9.201602306032898,9.231806540160377,0.029772921450458557,-0.07594874222390935,-0.8660254037844386,0.5000000000000001,0.014995576820477703,False,0.4027655182178741,False,9096.333333333334,9349.333333333334,9191.333333333334,9003.501845588471,-725.0,-7.314366424535912,667.3552277460645,452.88030059460334
2011-11-01,8190,9.010791269515602,2011,11,Nov,4,Post-Monsoon,9.125653563808989,9.201602306032898,9.261128538808288,9.224046019032295,9.196128136216727,0.06790318191479291,-0.11486229429338657,-0.5000000000000004,0.8660254037844384,0.014995576820477703,False,0.04550418017638058,False,8479.666666666666,8986.833333333334,9000.666666666666,8938.421697941394,-997.0,-10.852291281158156,864.5729196160006,862.1580868185713
2011-12-01,8062,8.995040974685022,2011,12,Dec,4,Winter,9.010791269515602,9.125653563808989,9.201602306032898,9.241935933565934,9.112682379785829,0.0960645700840214,-0.015750294830580103,-2.4492935982947064e-16,1.0,0.014995576820477703,False,0.00036287225021036315,False,8100.666666666667,8521.0,8810.0,8868.307962106082,-128.0,-1.5628815628815684,615.9028603061813,1047.0414827821578
2012-01-01,8050,8.993551586299981,2012,1,Jan,1,Winter,8.995040974685022,9.010791269515602,9.125653563808989,9.249657234353133,9.04382860266987,0.0712987457525002,-0.0014893883850408685,0.49999999999999994,0.8660254037844387,0.02024191144580439,False,0.0046629084152032645,False,7945.666666666667,8214.833333333334,8580.833333333334,8802.843325137597,-12.0,-0.14884644008931192,77.59725081041763,1059.6713484220757
2012-02-01,7725,8.952346543226227,2012,2,Feb,1,Winter,8.993551586299981,8.995040974685022,9.010791269515602,9.248695325852646,8.999794610166868,0.009552458168830323,-0.041205043073754055,0.8660254037844386,0.5000000000000001,0.02024191144580439,False,0.12112222121709433,False,7950.0,7981.5,8288.166666666666,8716.61585912659,-325.0,-4.037267080745344,191.19710597531173,843.1056873251384
2012-03-01,8075,8.996651979432729,2012,3,Mar,1,Summer,8.952346543226227,8.993551586299981,8.995040974685022,9.2213792190914,8.980313034737078,0.024231138128710344,0.044305436206501625,1.0,6.123233995736766e-17,0.02024191144580439,False,0.004295500261865279,False,7862.333333333333,7926.833333333333,7984.416666666667,8665.286590396463,350.0,4.53074433656957,195.25624189766964,501.1472504829897
2012-04-01,7787,8.960339366492091,2012,4,Apr,2,Summer,8.996651979432729,8.952346543226227,8.993551586299981,9.2179116374725,8.980850036319646,0.024733377211609394,-0.03631261294063748,0.8660254037844387,-0.4999999999999998,0.02024191144580439,False,0.09890536769796435,False,7908.0,7812.333333333333,7748.0,8595.023663164746,-288.0,-3.5665634674922564,186.7654500525574,182.76186691975187
2012-05-01,7862,8.969923491991516,2012,5,May,2,Summer,8.960339366492091,8.996651979432729,8.952346543226227,9.225327501784431,8.969779296383683,0.023613071097021408,0.009584125499424445,0.49999999999999994,-0.8660254037844387,0.02024191144580439,False,0.07203014166675871,False,7674.666666666667,7589.5,7532.416666666667,8536.381770111566,75.0,0.9631437010402033,149.40883508012894,154.8462678486623
2012-06-01,7375,8.90598676523643,2012,6,Jun,2,Monsoon,8.969923491991516,8.960339366492091,8.996651979432729,9.222861652529854,8.975638279305445,0.018818755542784605,-0.06393672675508633,1.2246467991473532e-16,-1.0,0.02024191144580439,False,0.24653994269605395,False,7316.666666666667,7447.833333333333,7391.583333333333,8443.47122850264,-487.0,-6.194352582040197,262.2142889572069,255.92003959569
2012-07-01,6713,8.81195017753998,2012,7,Jul,3,Monsoon,8.90598676523643,8.969923491991516,8.960339366492091,9.232688775639945,8.945416541240013,0.034481796533369295,-0.09403658769644885,-0.4999999999999997,-0.8660254037844388,0.02024191144580439,False,0.483758604464829,False,6987.666666666667,7281.166666666667,7251.0,8305.03353022243,-662.0,-8.976271186440677,576.7168571607147,486.12662959355816
2012-08-01,6875,8.83579236650274,2012,8,Aug,3,Monsoon,8.81195017753998,8.90598676523643,8.969923491991516,9.261128538808288,8.895953478255974,0.07946314966968171,0.023842188962760247,-0.8660254037844385,-0.5000000000000004,0.02024191144580439,False,0.4257081162374248,False,6887.666666666667,7083.333333333333,7114.5,8190.630847804636,162.0,2.4132280649486137,345.0816328542144,557.373991738634
2012-09-01,7075,8.864464055279676,2012,9,Sep,3,Monsoon,8.83579236650274,8.81195017753998,8.90598676523643,9.201602306032898,8.85124310309305,0.04888521148860817,0.028671688776935156,-1.0,-1.8369701987210297e-16,0.02024191144580439,False,0.35404084682087644,False,6850.0,6856.333333333333,6994.666666666667,8101.380379980265,200.0,2.9090909090909056,181.3321078389881,475.8841945963937
2012-10-01,6600,8.79497643168877,2012,10,Oct,4,Post-Monsoon,8.864464055279676,8.83579236650274,8.81195017753998,9.125653563808989,8.837402199774132,0.02629392536664349,-0.06948762359090566,-0.8660254037844386,0.5000000000000001,0.02024191144580439,False,0.5242506116851788,False,6725.0,6689.666666666667,6857.5,7981.269949581844,-475.0,-6.7137809187279185,238.4848003542302,470.2385210365671
2012-11-01,6500,8.77971129020447,2012,11,Nov,4,Post-Monsoon,8.79497643168877,8.864464055279676,8.83579236650274,9.010791269515602,8.831744284490396,0.03492023316162368,-0.015265141484301026,-0.5000000000000004,0.8660254037844384,0.02024191144580439,False,0.560084246393453,False,6491.666666666667,6639.5,6735.833333333333,7862.768353615297,-100.0,-1.5151515151515138,307.2051431861072,325.70027121059826
2012-12-01,6375,8.760296220470051,2012,12,Dec,4,Winter,8.77971129020447,8.79497643168877,8.864464055279676,8.995040974685022,8.813050592390972,0.045174818879437806,-0.019415069734417756,-2.4492935982947064e-16,1.0,0.02024191144580439,False,0.6048762897787957,False,6429.0,6541.5,6615.583333333333,7743.746885326073,-125.0,-1.9230769230769273,112.73124382055393,255.50081539333053
2013-01-01,6412,8.766082459148864,2013,1,Jan,1,Winter,8.760296220470051,8.77971129020447,8.79497643168877,8.993551586299981,8.778327980787763,0.01738143898674068,0.005786238678812339,0.49999999999999994,0.8660254037844387,0.02732372244729257,False,0.5916178449367342,False,6358.0,6433.833333333333,6523.5,7637.207134499988,37.0,0.5803921568627413,64.21059102668029,278.51660632714504
2013-02-01,6287,8.746398334109042,2013,2,Feb,1,Winter,8.766082459148864,8.760296220470051,8.77971129020447,8.952346543226227,8.768696656607794,0.00996803664032733,-0.019684125039821865,0.8660254037844386,0.5000000000000001,0.02732372244729257,False,0.636409888322077,False,6376.0,6388.333333333333,6455.416666666667,7529.190563739989,-125.0,-1.9494697442295705,64.21059102667854,282.49938053027563
2013-03-01,6429,8.768729817231666,2013,3,Mar,1,Summer,8.746398334109042,8.766082459148864,8.760296220470051,8.996651979432729,8.75759233790932,0.010116789526398128,0.022331483122624007,1.0,6.123233995736766e-17,0.02732372244729257,False,0.5855261270363277,False,6347.666666666667,6374.833333333333,6392.75,7441.17531864079,142.0,2.2586289168124773,77.5435361586988,107.2481546072268
2013-04-01,6327,8.75273950944749,2013,4,Apr,2,Summer,8.768729817231666,8.746398334109042,8.766082459148864,8.960339366492091,8.760403536829857,0.012200877166907598,-0.015990307784175428,0.8660254037844387,-0.4999999999999998,0.02732372244729257,False,0.6220764344387673,False,6391.666666666667,6357.333333333333,6352.333333333333,7352.041293149527,-102.0,-1.58656089594027,73.22112627738433,76.01491081791389
2013-05-01,6419,8.767173396684006,2013,5,May,2,Summer,8.75273950944749,8.768729817231666,8.746398334109042,8.969923491991516,8.7559558869294,0.011507936291642698,0.01443388723651573,0.49999999999999994,-0.8660254037844387,0.02732372244729257,False,0.5891094905071551,False,6338.666666666667,6271.333333333333,6447.666666666667,7277.397989697565,92.0,1.4540856646119815,56.225735507228734,57.04179754053452
2013-06-01,6270,8.74369111054302,2013,6,Jun,2,Monsoon,8.767173396684006,8.75273950944749,8.768729817231666,8.90598676523643,8.76288090778772,0.008817118659218236,-0.02348228614098602,1.2246467991473532e-16,-1.0,0.02732372244729257,False,0.6425016062224835,False,6195.0,6244.0,6824.0,7196.806150521761,-149.0,-2.321233837046266,75.18200139214588,71.30404383101452
2013-07-01,5896,8.682199026000504,2013,7,Jul,3,Monsoon,8.74369111054302,8.767173396684006,8.75273950944749,8.81195017753998,8.754534672224837,0.01184362265730045,-0.06149208454251642,-0.4999999999999997,-0.8660254037844388,0.02732372244729257,False,0.7765194000314289,False,6096.333333333333,6270.833333333333,7181.916666666667,7092.741658480021,-374.0,-5.964912280701751,269.4457273737975,195.38952547835012
2013-08-01,6123,8.719970756777574,2013,8,Aug,3,Monsoon,8.682199026000504,8.74369111054302,8.767173396684006,8.83579236650274,8.73102117774251,0.04388116128978099,0.03777173077707019,-0.8660254037844385,-0.5000000000000004,0.02732372244729257,False,0.6951770492436466,False,6203.0,6507.0,7557.5,7015.16232580162,227.0,3.850067842605154,188.42062873615473,204.03921191768018
2013-09-01,6590,8.79346036105272,2013,9,Sep,3,Monsoon,8.719970756777574,8.682199026000504,8.74369111054302,8.864464055279676,8.715286964440367,0.03101245795382281,0.07348960427514584,-1.0,-1.8369701987210297e-16,0.02732372244729257,False,0.5278339751560062,False,6819.0,7273.166666666667,7865.583333333333,6981.149339737491,467.0,7.6269802384452134,353.8488377824559,240.5538747695719
2013-10-01,7744,8.954802752850968,2013,10,Oct,4,Post-Monsoon,8.79346036105272,8.719970756777574,8.682199026000504,8.79497643168877,8.731876714610266,0.05657813220082531,0.16134239179824839,-0.8660254037844386,0.5000000000000001,0.02732372244729257,False,0.11431383062252223,False,8450.0,8006.5,8145.083333333333,7042.177392558491,1154.0,17.511380880121386,834.4105704028424,651.4212154973077
2013-11-01,11016,9.307194813340065,2013,11,Nov,4,Post-Monsoon,8.954802752850968,8.79346036105272,8.719970756777574,8.77971129020447,8.822744623560421,0.12012365553011714,0.35239206048909644,-0.5000000000000004,0.8660254037844384,0.02732372244729257,False,1.0581626970322087,False,9810.0,8843.666666666666,8465.75,7360.083201153812,3272.0,42.25206611570247,2295.9085347635264,1945.4057074725213
2013-12-01,10670,9.275285060616564,2013,12,Dec,4,Winter,9.307194813340065,8.954802752850968,8.79346036105272,8.760296220470051,9.018485975747918,0.2627212144567958,-0.03190975272350016,-2.4492935982947064e-16,1.0,0.02732372244729257,False,0.9341783209415802,False,10868.333333333334,9487.166666666666,8808.25,7624.876545061508,-346.0,-3.140885984023234,1797.5527808662566,2290.3485979212855
2014-01-01,10919,9.298351249298896,2014,1,Jan,1,Winter,9.275285060616564,9.307194813340065,8.954802752850968,8.766082459148864,9.179094208935867,0.1948962571067893,0.02306618868233201,0.49999999999999994,0.8660254037844387,0.036883167401240015,False,1.0234040713651829,False,10524.333333333334,10019.333333333334,9221.416666666666,7888.406421456588,249.0,2.3336457357076013,178.4778230855381,2282.623110955172
2014-02-01,9984,9.208839245849916,2014,2,Feb,1,Winter,9.298351249298896,9.275285060616564,9.307194813340065,8.746398334109042,9.293610374418508,0.016474677559764683,-0.08951200344898069,0.8660254037844386,0.5000000000000001,0.036883167401240015,False,0.6883595868428193,False,10228.666666666666,10424.5,9618.833333333334,8056.053907740062,-935.0,-8.563055224837434,484.2213681089981,1868.9901462197888
2014-03-01,9783,9.188503677367008,2014,3,Mar,1,Summer,9.208839245849916,9.298351249298896,9.275285060616564,8.768729817231666,9.260825185255126,0.046474893081849586,-0.020335568482908073,1.0,6.123233995736766e-17,0.036883167401240015,False,0.6163339810791881,False,9980.666666666666,10343.333333333334,10011.416666666666,8194.209595120858,-201.0,-2.0132211538461564,606.2345530678267,1221.5036089454131
2014-04-01,10175,9.227787285579904,2014,4,Apr,2,Summer,9.188503677367008,9.208839245849916,9.298351249298896,8.75273950944749,9.231898057505274,0.05844145669861411,0.039283608212896226,0.8660254037844387,-0.4999999999999998,0.036883167401240015,False,0.756801829135623,False,10162.333333333334,10436.333333333334,10342.75,8352.67282751119,392.0,4.0069508330777825,196.02125735069092,514.2928154271686
2014-05-01,10529,9.261983605128021,2014,5,May,2,Summer,9.227787285579904,9.188503677367008,9.208839245849916,8.767173396684006,9.208376736265608,0.019645887735036536,0.034196319548117415,0.49999999999999994,-0.8660254037844387,0.036883167401240015,False,0.8836528960029135,False,10644.0,10394.0,10566.916666666666,8526.779001310295,354.0,3.47911547911548,373.1612698731572,434.51244707910274
2014-06-01,11228,9.326254996572539,2014,6,Jun,2,Monsoon,9.261983605128021,9.227787285579904,9.188503677367008,8.74369111054302,9.226091522691645,0.03676930315869486,0.06427139144451743,1.2246467991473532e-16,-1.0,0.036883167401240015,False,1.13413000261375,False,10807.333333333334,10535.666666666666,10420.333333333334,8742.876681205473,699.0,6.638807104188427,535.8367288643224,560.0063094882688
2014-07-01,10665,9.274816391160547,2014,7,Jul,3,Monsoon,9.326254996572539,9.261983605128021,9.227787285579904,8.682199026000504,9.272008629093486,0.049993483136997786,-0.051438605411991745,-0.4999999999999997,-0.8660254037844388,0.036883167401240015,False,0.9323866392061664,False,10909.0,10666.166666666666,10335.916666666666,8896.646546709035,-563.0,-5.014250089063054,370.59996402232906,524.7102057326537
2014-08-01,10834,9.29053691397046,2014,8,Aug,3,Monsoon,9.274816391160547,9.326254996572539,9.261983605128021,8.719970756777574,9.287684997620369,0.03401328731132944,0.01572052280991265,-0.8660254037844385,-0.5000000000000004,0.036883167401240015,False,0.9929454818631498,False,10688.333333333334,10709.333333333334,10257.166666666666,9051.634822972312,169.0,1.584622597280827,288.89617512182326,506.29780432732616
2014-09-01,10566,9.265491216441031,2014,9,Sep,3,Monsoon,9.29053691397046,9.274816391160547,9.326254996572539,8.79346036105272,9.297202767234515,0.026359205820592407,-0.025045697529428423,-1.0,-1.8369701987210297e-16,0.036883167401240015,False,0.8969113408449749,False,10611.333333333334,10497.333333333334,10193.0,9172.784037134528,-268.0,-2.473693926527598,135.51506681307058,350.40514646145283
2014-10-01,10434,9.252920819511301,2014,10,Oct,4,Post-Monsoon,9.265491216441031,9.29053691397046,9.274816391160547,8.954802752850968,9.276948173857345,0.012658203438470154,-0.012570396929730165,-0.8660254037844386,0.5000000000000001,0.036883167401240015,False,0.849610943030053,False,10085.666666666666,10235.5,10146.5,9273.681314163765,-132.0,-1.249290176036344,203.8169113036265,288.23439535675215
2014-11-01,9257,9.133243321591216,2014,11,Nov,4,Post-Monsoon,9.252920819511301,9.265491216441031,9.29053691397046,9.307194813340065,9.269649649974264,0.019149727613825846,-0.11967749792008497,-0.5000000000000004,0.8660254037844384,0.036883167401240015,False,0.427849062513666,False,9782.666666666666,10120.333333333334,10059.333333333334,9272.346809030663,-1177.0,-11.280429365535749,720.674915154778,666.7058321828839
2014-12-01,9657,9.175541866433488,2014,12,Dec,4,Winter,9.133243321591216,9.252920819511301,9.265491216441031,9.275285060616564,9.217218452514516,0.0729956894613429,0.04229854484227147,-2.4492935982947064e-16,1.0,0.036883167401240015,False,0.5711836013467627,False,9629.333333333334,9850.333333333334,9896.833333333334,9303.11906430821,400.0,4.32105433725829,598.4783482577664,629.8300564438034
2015-01-01,9974,9.207837241758064,2015,1,Jan,1,Winter,9.175541866433488,9.133243321591216,9.252920819511301,9.298351249298896,9.187235335845335,0.060689610290986386,0.03229537532457627,0.49999999999999994,0.8660254037844387,0.049787068367863944,False,0.6847762233719918,False,9615.0,9626.833333333334,9632.0,9356.789539163554,317.0,3.2825929377653607,359.2997819834341,597.956743140063
2015-02-01,9214,9.128587870103924,2015,2,Feb,1,Winter,9.207837241758064,9.175541866433488,9.133243321591216,9.208839245849916,9.172207476594254,0.03740857987372188,-0.07924937165413937,0.8660254037844386,0.5000000000000001,0.049787068367863944,False,0.4124405995891081,False,9471.0,9409.333333333334,9372.916666666666,9345.36637603047,-760.0,-7.619811509925811,381.7368203356996,576.6248925139042
2015-03-01,9225,9.129780864117766,2015,3,Mar,1,Summer,9.128587870103924,9.207837241758064,9.175541866433488,9.188503677367008,9.170655659431825,0.03984999361411973,0.0011929940138415418,1.0,6.123233995736766e-17,0.049787068367863944,False,0.41638229940701826,False,9189.333333333334,9296.333333333334,9116.083333333334,9335.737065948033,11.0,0.11938354677665242,435.64549808302763,498.32335552999314
2015-04-01,9129,9.119320973589014,2015,4,Apr,2,Summer,9.129780864117766,9.128587870103924,9.207837241758064,9.227787285579904,9.155401991993251,0.045414175893730105,-0.01045989052875207,0.8660254037844387,-0.4999999999999998,0.049787068367863944,False,0.3819820100870751,False,8977.666666666666,9028.5,8909.833333333334,9319.19810067219,-96.0,-1.0406504065040623,52.53887449632644,332.90038550093686
2015-05-01,8579,9.057189192482008,2015,5,May,2,Summer,9.119320973589014,9.129780864117766,9.128587870103924,9.261983605128021,9.125896569270235,0.00572578838277421,-0.06213178110700568,0.49999999999999994,-0.8660254037844387,0.049787068367863944,False,0.18489701919156712,False,8586.0,8625.5,8721.666666666666,9259.982252618416,-550.0,-6.024756271223575,348.5761514121974,478.27760418680754
2015-06-01,8050,8.993551586299981,2015,6,Jun,2,Monsoon,9.057189192482008,9.119320973589014,9.129780864117766,9.326254996572539,9.102097010062929,0.03924138615519993,-0.06363760618202718,1.2246467991473532e-16,-1.0,0.049787068367863944,False,0.0046629084152032645,False,8061.666666666667,8381.833333333334,8635.333333333334,9163.183672408943,-529.0,-6.166219839142095,539.534058239147,653.6980189659489
2015-07-01,7556,8.93022956502072,2015,7,Jul,3,Monsoon,8.993551586299981,9.057189192482008,9.119320973589014,9.274816391160547,9.056687250790334,0.06288619605177263,-0.06332202127926045,-0.4999999999999997,-0.8660254037844388,0.049787068367863944,False,0.18168106387407768,False,7786.0,8192.833333333334,8477.0,9034.608978616227,-494.0,-6.136645962732922,511.59977847271693,698.0598111909939
2015-08-01,7752,8.955835144218959,2015,8,Aug,3,Monsoon,8.93022956502072,8.993551586299981,9.057189192482008,9.29053691397046,8.99365678126757,0.06347987910166883,0.02560557919823836,-0.8660254037844385,-0.5000000000000004,0.049787068367863944,False,0.1114471398458603,False,7799.666666666667,8034.0,8296.416666666666,8932.00026032693,196.0,2.5939650608787668,248.7488693441594,706.663545590596
2015-09-01,8091,8.998631198287637,2015,9,Sep,3,Monsoon,8.955835144218959,8.93022956502072,8.993551586299981,9.265491216441031,8.959872098513221,0.03185345106423814,0.04279605406867759,-1.0,-1.8369701987210297e-16,0.049787068367863944,False,0.010028881815189147,False,8006.333333333333,7974.333333333333,8168.0,8864.720239500775,339.0,4.373065015479871,270.66646141206905,575.5336364337638
2015-10-01,8176,9.009080614161977,2015,10,Oct,4,Post-Monsoon,8.998631198287637,8.955835144218959,8.93022956502072,9.252920819511301,8.961565302509106,0.034558962570028676,0.010449415874340673,-0.8660254037844386,0.5000000000000001,0.049787068367863944,False,0.0404874713172222,False,8162.666666666667,7925.5,8072.5,8809.622620340713,85.0,1.0505499938203045,224.32194126596826,354.5989283683816
2015-11-01,8221,9.014568767457824,2015,11,Nov,4,Post-Monsoon,9.009080614161977,8.998631198287637,8.955835144218959,9.133243321591216,8.987848985556191,0.028212800302382546,0.005488153295846843,-0.5000000000000004,0.8660254037844384,0.049787068367863944,False,0.056612606935945574,False,8051.333333333333,7967.333333333333,7979.75,8762.532810713456,45.0,0.5503913894324919,66.01767440112991,262.787112824566
2015-12-01,7757,8.956479847999912,2015,12,Dec,4,Winter,9.014568767457824,9.009080614161977,8.998631198287637,9.175541866433488,9.007426859969145,0.008096462496744516,-0.05808891945791217,-2.4492935982947064e-16,1.0,0.049787068367863944,False,0.1096554581104466,False,7928.333333333333,7954.166666666667,7951.166666666667,8682.09018585638,-464.0,-5.644082228439363,255.89125294416155,272.94156883846847
2016-01-01,7807,8.962904128092928,2016,1,Jan,1,Winter,8.956479847999912,9.014568767457824,9.009080614161977,9.207837241758064,8.993376409873237,0.032070970755548274,0.006424280093016321,0.49999999999999994,0.8660254037844387,0.06720551273974978,False,0.09173864075630951,False,7745.666666666667,7952.166666666667,7977.666666666667,8612.082970987869,50.0,0.6445790898543358,254.68673568392217,218.8594678479119
2016-02-01,7673,8.945593270806897,2016,2,Feb,1,Winter,8.962904128092928,8.956479847999912,9.014568767457824,9.128587870103924,8.977984247850221,0.031845535791797906,-0.017310857286030767,0.8660254037844386,0.5000000000000001,0.06720551273974978,False,0.1397557112653969,False,7853.0,7925.5,8060.5,8536.956333308839,-134.0,-1.716408351479437,67.7150894065035,236.10202596901024
2016-03-01,8079,8.997147151515142,2016,3,Mar,1,Summer,8.945593270806897,8.962904128092928,8.956479847999912,9.129780864117766,8.954992415633246,0.008750759182880924,0.05155388070824429,1.0,6.123233995736766e-17,0.06720551273974978,False,0.0057288456501962464,False,7922.666666666667,7928.0,8118.083333333333,8500.319826644132,406.0,5.291281115600155,206.8719410649938,234.7581024515899
2016-04-01,8016,8.989319566042951,2016,4,Apr,2,Summer,8.997147151515142,8.945593270806897,8.962904128092928,9.119320973589014,8.968548183471656,0.02623627593347313,-0.007827585472190535,0.8660254037844387,-0.4999999999999998,0.06720551273974978,False,0.016846344216016485,False,8110.333333333333,8029.833333333333,8176.583333333333,8461.574240512602,-63.0,-0.7797994801336805,218.5001906940406,212.25621310106442
2016-05-01,8236,9.016391478941248,2016,5,May,2,Summer,8.989319566042951,8.997147151515142,8.945593270806897,9.057189192482008,8.977353329454997,0.02778207637269325,0.0270719128982968,0.49999999999999994,-0.8660254037844387,0.06720551273974978,False,0.061987652142186704,False,8206.666666666666,8153.666666666667,8270.0,8443.528301271594,220.0,2.7445109780439125,113.29754336848369,216.4790982982063
2016-06-01,8368,9.032289682032873,2016,6,Jun,2,Monsoon,9.016391478941248,8.989319566042951,8.997147151515142,8.993551586299981,9.000952732166446,0.013931401582868659,0.015898203091625263,1.2246467991473532e-16,-1.0,0.06720551273974978,False,0.10928804995710861,False,8384.666666666666,8282.0,8324.5,8437.486037169867,132.0,1.6027197668771143,177.82388291040698,259.4050243666672
2016-07-01,8550,9.053803514155955,2016,7,Jul,3,Monsoon,9.032289682032873,9.016391478941248,8.989319566042951,8.93022956502072,9.01266690900569,0.02172583791135671,0.02151383212308211,-0.4999999999999997,-0.8660254037844388,0.06720551273974978,False,0.1745052651261676,False,8453.666666666666,8401.0,8372.833333333334,8446.487154196278,182.0,2.1749521988527754,157.66208590950276,305.078787637999
2016-08-01,8443,9.041211408968211,2016,8,Aug,3,Monsoon,9.053803514155955,9.032289682032873,9.016391478941248,8.955835144218959,9.034161558376692,0.018776129407102025,-0.012592105187744451,-0.8660254037844385,-0.5000000000000004,0.06720551273974978,False,0.13616327598831424,False,8595.333333333334,8614.5,8388.416666666666,8446.208181860577,-107.0,-1.2514619883040923,91.46766277398768,209.39054419912281
2016-09-01,8793,9.081824949740755,2016,9,Sep,3,Monsoon,9.041211408968211,9.053803514155955,9.032289682032873,8.998631198287637,9.042434868385678,0.010808972331615525,0.040613540772543644,-1.0,-1.8369701987210297e-16,0.06720551273974978,False,0.26158099746727387,False,8844.333333333334,8721.0,8392.75,8473.95152731173,350.0,4.145445931540914,179.34975141699263,266.14582469015886
2016-10-01,9297,9.13755460225053,2016,10,Oct,4,Post-Monsoon,9.081824949740755,9.041211408968211,9.053803514155955,9.009080614161977,9.058946624288307,0.020789507206698695,0.05572965250977546,-0.8660254037844386,0.5000000000000001,0.06720551273974978,False,0.4421825163969757,False,8988.333333333334,8715.833333333334,8362.75,8539.795405126792,504.0,5.731832139201631,429.30797026533185,383.47503178173775
2016-11-01,8875,9.091106284052485,2016,11,Nov,4,Post-Monsoon,9.13755460225053,9.081824949740755,9.041211408968211,9.014568767457824,9.086863653653166,0.04836883424064181,-0.04644831819804551,-0.5000000000000004,0.8660254037844384,0.06720551273974978,False,0.2909645779280587,False,8836.333333333334,8623.166666666666,8323.916666666666,8566.61177271665,-422.0,-4.539098633967942,270.4391490397429,344.03778862212897
2016-12-01,8337,9.028578658440741,2016,12,Dec,4,Winter,9.091106284052485,9.13755460225053,9.081824949740755,8.956479847999912,9.103495278681256,0.029859067854704355,-0.06252762561174308,-2.4492935982947064e-16,1.0,0.06720551273974978,False,0.09817962319754361,False,8402.0,8503.5,8255.25,8548.242830899319,-538.0,-6.061971830985913,481.1666378016446,350.5700595696549
2017-01-01,7994,8.986571625268054,2017,1,Jan,1,Winter,9.028578658440741,9.091106284052485,9.13755460225053,8.962904128092928,9.085746514914584,0.05468532185348867,-0.04200703317268761,0.49999999999999994,0.8660254037844387,0.09071795328941251,False,0.0247297438518368,False,8018.666666666667,8324.5,8156.833333333333,8503.903404427374,-343.0,-4.114189756507136,444.0821995982304,459.677459385025
2017-02-01,7725,8.952346543226227,2017,2,Feb,1,Winter,8.986571625268054,9.028578658440741,9.091106284052485,8.945593270806897,9.035418855920426,0.052601948138504925,-0.03422508204182684,0.8660254037844386,0.5000000000000001,0.09071795328941251,False,0.12112222121709433,False,7812.666666666667,8033.333333333333,8030.75,8441.591132073185,-269.0,-3.36502376782587,306.74473643949267,590.7350505937535
2017-03-01,7719,8.951569643018821,2017,3,Mar,1,Summer,8.952346543226227,8.986571625268054,9.028578658440741,8.997147151515142,8.989165608978341,0.03818220018720758,-0.0007769002074056175,1.0,6.123233995736766e-17,0.09071795328941251,False,0.12327223929959079,False,7664.666666666667,7789.5,7897.5,8383.783841507331,-6.0,-0.07766990291262488,157.0679258579962,645.6351136671584
2017-04-01,7550,8.929435283803425,2017,4,Apr,2,Summer,8.951569643018821,8.952346543226227,8.986571625268054,8.989319566042951,8.963495937171034,0.01998790707765094,-0.022134359215396415,0.8660254037844387,-0.4999999999999998,0.09071795328941251,False,0.18383108195657413,False,7560.333333333333,7597.833333333333,7761.666666666667,8317.081134186745,-169.0,-2.189402772379845,99.34955124877203,495.91316444179137
2017-05-01,7412,8.910990494656719,2017,5,May,2,Summer,8.929435283803425,8.951569643018821,8.952346543226227,9.016391478941248,8.944450490016157,0.013009350740492618,-0.018444789146705887,0.49999999999999994,-0.8660254037844387,0.09071795328941251,False,0.2332814978539925,False,7383.0,7438.333333333333,7585.916666666667,8244.674643451806,-138.0,-1.8278145695364234,153.76063648844584,331.83535073889345
2017-06-01,7187,8.88016824790345,2017,6,Jun,2,Monsoon,8.910990494656719,8.929435283803425,8.951569643018821,9.032289682032873,8.930665140492989,0.02031751045412581,-0.030822246753269056,1.2246467991473532e-16,-1.0,0.09071795328941251,False,0.3139071759476094,False,7212.0,7291.5,7430.75,8160.060671975662,-225.0,-3.035617916891531,183.22936445886083,280.5019904861124
2017-07-01,7037,8.85907931788153,2017,7,Jul,3,Monsoon,8.88016824790345,8.910990494656719,8.929435283803425,9.053803514155955,8.90686467545453,0.024891303594950568,-0.021088930021919694,-0.4999999999999997,-0.8660254037844388,0.09071795328941251,False,0.36765762801002067,False,7022.666666666667,7198.833333333333,7302.666666666667,8070.21581821761,-150.0,-2.0871017114234003,188.74586088176213,282.25921892237807
2017-08-01,6844,8.83127373772255,2017,8,Aug,3,Monsoon,8.85907931788153,8.88016824790345,8.910990494656719,9.041211408968211,8.8834126868139,0.026107228049431518,-0.027805580158981158,-0.8660254037844385,-0.5000000000000004,0.09071795328941251,False,0.4368165429969898,False,7014.666666666667,7138.5,7200.083333333333,7972.118552760201,-193.0,-2.7426460139263864,171.94863574140433,328.64737942056416
2017-09-01,7163,8.876823763180603,2017,9,Sep,3,Monsoon,8.83127373772255,8.85907931788153,8.88016824790345,9.081824949740755,8.85684043450251,0.024524023539000482,0.04555002545805387,-1.0,-1.8369701987210297e-16,0.09071795328941251,False,0.3225072482775952,False,7065.0,7072.0,7102.166666666667,7907.389068539385,319.0,4.661016949152552,160.66839556468508,253.88140275859303
2017-10-01,7188,8.880307358983872,2017,10,Oct,4,Post-Monsoon,8.876823763180603,8.83127373772255,8.85907931788153,9.13755460225053,8.85572560626156,0.02295945863963257,0.0034835958032690684,-0.8660254037844386,0.5000000000000001,0.09071795328941251,False,0.31354883960052665,False,7121.333333333333,7007.5,7000.583333333333,7849.8379430562345,25.0,0.34901577551305074,191.79937434725102,188.27506473243926
2017-11-01,7013,8.855663430700124,2017,11,Nov,4,Post-Monsoon,8.880307358983872,8.876823763180603,8.83127373772255,9.091106284052485,8.86280161996234,0.027359447706783665,-0.02464392828374784,-0.5000000000000004,0.8660254037844384,0.09071795328941251,False,0.37625770034000644,False,7000.333333333333,6961.833333333333,6901.583333333333,7782.890907611736,-175.0,-2.4346132442960466,94.64847242998918,135.38980759275864
2017-12-01,6800,8.824824939175638,2017,12,Dec,4,Winter,8.855663430700124,8.880307358983872,8.876823763180603,9.028578658440741,8.870931517621534,0.013336780668721791,-0.030838491524486145,-2.4492935982947064e-16,1.0,0.09071795328941251,False,0.45258334226863045,False,6858.666666666667,6912.833333333333,6824.5,7704.259635002798,-213.0,-3.037216597747039,194.30988995244164,159.65556676797777
2018-01-01,6763,8.81936971001847,2018,1,Jan,1,Winter,8.824824939175638,8.855663430700124,8.880307358983872,8.986571625268054,8.853598576286545,0.027798784950990394,-0.005455229157167452,0.49999999999999994,0.8660254037844387,0.1224564282529819,False,0.4658417871106919,False,6704.333333333333,6802.333333333333,6755.75,7628.958864202575,-37.0,-0.5441176470588283,134.93084648563294,186.46545703338975
2018-02-01,6550,8.787372988731876,2018,2,Feb,1,Winter,8.81936971001847,8.824824939175638,8.855663430700124,8.952346543226227,8.833286026631411,0.019570412385146705,-0.031996721286594365,0.8660254037844386,0.5000000000000001,0.1224564282529819,False,0.5421674290393159,False,6604.333333333333,6664.666666666667,6798.5,7542.642155066369,-213.0,-3.149489871358868,134.93084648563072,251.06287393135406
2018-03-01,6500,8.77971129020447,2018,3,Mar,1,Summer,8.787372988731876,8.81936971001847,8.824824939175638,8.951569643018821,8.81052254597533,0.02023280459325931,-0.007661698527407168,1.0,6.123233995736766e-17,0.1224564282529819,False,0.560084246393453,False,6470.666666666667,6577.0,6828.166666666667,7459.2307826610595,-50.0,-0.7633587786259555,139.66507556768974,264.4803710422972
2018-04-01,6362,8.758255243232792,2018,4,Apr,2,Summer,8.77971129020447,8.787372988731876,8.81936971001847,8.929435283803425,8.795484662984938,0.021036801323396366,-0.021456046971676912,0.8660254037844387,-0.4999999999999998,0.1224564282529819,False,0.6095346622908714,False,6449.666666666667,6504.0,6831.25,7371.452320048175,-138.0,-2.1230769230769275,97.37213838325607,237.14608718397898
2018-05-01,6487,8.77770959579525,2018,5,May,2,Summer,8.758255243232792,8.77971129020447,8.787372988731876,8.910990494656719,8.77511317405638,0.015093633751138157,0.01945435256245709,0.49999999999999994,-0.8660254037844387,0.1224564282529819,False,0.5647426189055286,False,6403.666666666667,6635.166666666667,6832.25,7300.696134444322,125.0,1.964790946243311,76.19930008423886,170.47463154383038
2018-06-01,6362,8.758255243232792,2018,6,Jun,2,Monsoon,8.77770959579525,8.758255243232792,8.77971129020447,8.88016824790345,8.771892043077505,0.01185214865005726,-0.01945435256245709,1.2246467991473532e-16,-1.0,0.1224564282529819,False,0.6095346622908714,False,6799.666666666667,6743.5,6818.666666666667,7225.600443688776,-125.0,-1.9269307846462191,72.16878364866416,148.20931144838607
2018-07-01,7550,8.929435283803425,2018,7,Jul,3,Monsoon,8.758255243232792,8.77770959579525,8.758255243232792,8.85907931788153,8.76474002742028,0.011231975688502729,0.17118004057063274,-0.4999999999999997,-0.8660254037844388,0.1224564282529819,False,0.18383108195657413,False,7037.333333333333,6860.166666666667,6812.416666666667,7251.552408193675,1188.0,18.673373153096517,652.8065052780413,454.67281276393857
2018-08-01,7200,8.881975184248867,2018,8,Aug,3,Monsoon,8.929435283803425,8.758255243232792,8.77770959579525,8.83127373772255,8.821800040943822,0.09372100664997385,-0.047460099554557544,-0.8660254037844385,-0.5000000000000004,0.1224564282529819,False,0.30924880343553374,False,7316.666666666667,6999.833333333333,6815.5,7247.428215538181,-350.0,-4.635761589403975,610.4763167669408,504.97594002091336
2018-09-01,7200,8.881975184248867,2018,9,Sep,3,Monsoon,8.881975184248867,8.929435283803425,8.758255243232792,8.876823763180603,8.856555237095028,0.08837579904823523,0.0,-1.0,-1.8369701987210297e-16,0.1224564282529819,False,0.30924880343553374,False,7200.0,7060.333333333333,6859.25,7243.633958295127,0.0,0.0,202.07259421636397,518.1576658379879
2018-10-01,7200,8.881975184248867,2018,10,Oct,4,Post-Monsoon,8.881975184248867,8.881975184248867,8.929435283803425,8.880307358983872,8.89779521743372,0.02740110125352728,0.0,-0.8660254037844386,0.5000000000000001,0.1224564282529819,False,0.30924880343553374,False,7083.333333333333,7120.833333333333,6971.75,7240.143241631517,0.0,0.0,0.0,467.48536518983366
2018-11-01,6850,8.832149906002899,2018,11,Nov,4,Post-Monsoon,8.881975184248867,8.881975184248867,8.881975184248867,8.855663430700124,8.881975184248867,0.0,-0.04982527824596872,-0.5000000000000004,0.8660254037844384,0.1224564282529819,False,0.43466652491449337,False,6925.0,6995.833333333333,7085.333333333333,7208.931782300996,-350.0,-4.861111111111116,202.07259421636888,407.48087889700076
2018-12-01,6725,8.813735892300215,2018,12,Dec,4,Winter,8.832149906002899,8.881975184248867,8.881975184248867,8.824824939175638,8.865366758166878,0.0287666378077583,-0.018414013702683363,-2.4492935982947064e-16,1.0,0.1224564282529819,False,0.4794585682998361,False,6791.666666666667,6975.0,7176.5,7170.217239716917,-125.0,-1.8248175182481785,246.22144504490245,294.2858587609541
2019-01-01,6800,8.824824939175638,2019,1,Jan,1,Winter,8.813735892300215,8.832149906002899,8.881975184248867,8.81936971001847,8.842620327517329,0.035304001705625365,0.011089046875422781,0.49999999999999994,0.8660254037844387,0.16529888822158656,False,0.45258334226863045,False,6866.666666666667,7083.333333333333,7270.333333333333,7140.599860539564,75.0,1.1152416356877248,62.91528696058893,227.1655050104927
2019-02-01,7075,8.864464055279676,2019,2,Feb,1,Winter,8.824824939175638,8.813735892300215,8.832149906002899,8.787372988731876,8.823570245826252,0.009270904309267976,0.0396391161040377,0.8660254037844386,0.5000000000000001,0.16529888822158656,False,0.35404084682087644,False,7241.666666666667,7170.833333333333,7270.833333333333,7135.3518716964,275.0,4.044117647058831,184.2778698957995,209.76176963404342
2019-03-01,7850,8.968396191198256,2019,3,Mar,1,Summer,8.864464055279676,8.824824939175638,8.813735892300215,8.77971129020447,8.83434162891851,0.02666949882477009,0.10393213591857986,1.0,6.123233995736766e-17,0.16529888822158656,False,0.07633017783175161,False,7550.0,7292.666666666667,7349.0,7192.523721960688,775.0,10.954063604240272,544.4798741306541,415.83249832916164
2019-04-01,7725,8.952346543226227,2019,4,Apr,2,Summer,8.968396191198256,8.864464055279676,8.824824939175638,8.758255243232792,8.885895061884524,0.07414608644364375,-0.01604964797202868,0.8660254037844387,-0.4999999999999998,0.16529888822158656,False,0.12112222121709433,False,7718.666666666667,7419.833333333333,7464.666666666667,7235.121824203833,-125.0,-1.5923566878980888,416.08292442733045,493.3094025727386
2019-05-01,7581,8.93353229607628,2019,5,May,2,Summer,8.952346543226227,8.968396191198256,8.864464055279676,8.77770959579525,8.928402263234718,0.05595059094757825,-0.018814247149947505,0.49999999999999994,-0.8660254037844387,0.16529888822158656,False,0.17272265519700913,False,7598.0,7545.833333333333,7620.916666666667,7262.792078267526,-144.0,-1.8640776699029082,134.61178749772606,488.4697192935016
2019-06-01,7488,8.921190556249368,2019,6,Jun,2,Monsoon,8.93353229607628,8.952346543226227,8.968396191198256,8.758255243232792,8.95142501016692,0.017450206679388663,-0.01234173982691189,1.2246467991473532e-16,-1.0,0.16529888822158656,False,0.20604793547570413,False,7541.666666666667,7723.0,7885.5,7280.808712006125,-93.0,-1.2267510882469357,119.41105476462242,402.96273607701255
2019-07-01,7556,8.93022956502072,2019,7,Jul,3,Monsoon,8.921190556249368,8.93353229607628,8.952346543226227,8.929435283803425,8.935689798517293,0.015689646067156702,0.009039008771352997,-0.4999999999999997,-0.8660254037844388,0.16529888822158656,False,0.18168106387407768,False,7727.333333333333,7846.0,8139.666666666667,7302.824015045635,68.0,0.9081196581196549,48.128300752602776,264.94785650514683
2019-08-01,8138,9.004422601327041,2019,8,Aug,3,Monsoon,8.93022956502072,8.921190556249368,8.93353229607628,8.881975184248867,8.92831747244879,0.006389186880301237,0.07419303630632079,-0.8660254037844385,-0.5000000000000004,0.16529888822158656,False,0.02687069012807801,False,8094.0,8071.0,8422.0,7369.638093841984,582.0,7.702488088935944,357.2692728647863,241.51024822976947
2019-09-01,8588,9.058237593766226,2019,9,Sep,3,Monsoon,9.004422601327041,8.93022956502072,8.921190556249368,8.881975184248867,8.951947574199044,0.04566888737373571,0.053814992439184195,-1.0,-1.8369701987210297e-16,0.16529888822158656,False,0.1881220463153118,False,8600.333333333334,8478.333333333334,8681.416666666666,7467.107046334626,450.0,5.529614155812235,517.4050637556612,431.9624983722598
2019-10-01,9075,9.113388845899733,2019,10,Oct,4,Post-Monsoon,9.058237593766226,9.004422601327041,8.93022956502072,8.881975184248867,8.997629920037996,0.06427378349799928,0.055151252133507356,-0.8660254037844386,0.5000000000000001,0.16529888822158656,False,0.362631847344607,False,9229.333333333334,8859.5,8891.833333333334,7595.738482627856,487.0,5.670703306939906,468.62173800767386,651.9214676630953
2019-11-01,10025,9.212936997823448,2019,11,Nov,4,Post-Monsoon,9.113388845899733,9.058237593766226,9.004422601327041,8.832149906002899,9.058683013664334,0.05448448782205507,0.09954815192371491,-0.5000000000000004,0.8660254037844384,0.16529888822158656,False,0.7030513770732116,False,9625.0,9298.166666666666,9152.25,7790.079404017628,950.0,10.468319559228645,730.825788634564,970.3093664737397
2019-12-01,9775,9.187685681411377,2019,12,Dec,4,Winter,9.212936997823448,9.113388845899733,9.058237593766226,8.813735892300215,9.128187812496469,0.07840429492802749,-0.02525131641207068,-2.4492935982947064e-16,1.0,0.16529888822158656,False,0.6134672903025262,False,9996.0,9639.833333333334,9433.0,7948.873051696218,-250.0,-2.493765586034913,492.44289008980394,952.5080052157055
2020-01-01,10188,9.229063985974285,2020,1,Jan,1,Winter,9.187685681411377,9.212936997823448,9.113388845899733,8.824824939175638,9.171337175044853,0.05174856406864121,0.04137830456290814,0.49999999999999994,0.8660254037844387,0.22313016014842982,False,0.7614602016476986,False,10050.333333333334,9937.666666666666,9654.833333333334,8128.00320756052,413.0,4.225063938618923,208.02163349036255,830.3718243453756
2020-02-01,10188,9.229063985974285,2020,2,Feb,1,Winter,9.229063985974285,9.187685681411377,9.212936997823448,8.864464055279676,9.209895555069702,0.020856145440620182,0.0,0.8660254037844386,0.5000000000000001,0.22313016014842982,False,0.7614602016476986,False,10250.333333333334,10233.5,9835.583333333334,8292.80295095568,0.0,0.0,238.44566117531264,662.2668394738382
2020-03-01,10375,9.24725072599628,2020,3,Mar,1,Summer,9.229063985974285,9.229063985974285,9.187685681411377,8.968396191198256,9.215271217786649,0.023889775277938913,0.01818674002199394,1.0,6.123233995736766e-17,0.22313016014842982,False,0.8284690985521713,False,10471.0,10387.666666666666,9967.833333333334,8459.378714879225,187.0,1.8354927365528129,107.96450033845976,467.9477178773992
2020-04-01,10850,9.292012520620208,2020,4,Apr,2,Summer,9.24725072599628,9.229063985974285,9.229063985974285,8.952346543226227,9.235126232648284,0.010500119247379687,0.04476179462392871,0.8660254037844387,-0.4999999999999998,0.22313016014842982,False,0.9986788634164736,False,10725.0,10450.166666666666,10113.666666666666,8650.628417688888,475.0,4.578313253012056,341.28140881096925,362.747708469673
2020-05-01,10950,9.301186055275759,2020,5,May,2,Summer,9.292012520620208,9.24725072599628,9.229063985974285,8.93353229607628,9.256109077530258,0.03239571418323479,0.009173534655550597,0.49999999999999994,-0.8660254037844387,0.22313016014842982,False,1.0345124981247478,False,10650.0,10373.0,10205.333333333334,8834.578144273777,100.0,0.9216589861751112,307.20514318611254,443.8975857860293
2020-06-01,10150,9.225327501784431,2020,6,Jun,2,Monsoon,9.301186055275759,9.292012520620208,9.24725072599628,8.921190556249368,9.280149767297415,0.028858250525966432,-0.07585855349132764,1.2246467991473532e-16,-1.0,0.22313016014842982,False,0.7478434204585545,False,10275.0,10295.833333333334,10204.333333333334,8939.811892731876,-800.0,-7.30593607305936,435.8898943540673,358.58411379572453
2020-07-01,9725,9.182557990963732,2020,7,Jul,3,Monsoon,9.225327501784431,9.301186055275759,9.292012520620208,8.93022956502072,9.272842025893466,0.04140363432719492,-0.04276951082069935,-0.4999999999999997,-0.8660254037844388,0.22313016014842982,False,0.5955504729483891,False,9866.666666666666,10289.666666666666,10216.833333333334,9002.626941313325,-425.0,-4.187192118226601,621.9927652312364,461.3718673694776
2020-08-01,9725,9.182557990963732,2020,8,Aug,3,Monsoon,9.182557990963732,9.225327501784431,9.301186055275759,9.004422601327041,9.23635718267464,0.060078239038852115,0.0,-0.8660254037844385,-0.5000000000000004,0.22313016014842982,False,0.5955504729483891,False,9929.333333333334,10177.166666666666,10236.583333333334,9060.41678600826,0.0,0.0,245.37386440559058,531.8403582529874
2020-09-01,10338,9.243678431586693,2020,9,Sep,3,Monsoon,9.182557990963732,9.182557990963732,9.225327501784431,9.058237593766226,9.196814494570631,0.02469298858544051,0.06112044062296107,-1.0,-1.8369701987210297e-16,0.22313016014842982,False,0.8152106537101098,False,10079.333333333334,10021.0,10290.75,9162.623443127599,613.0,6.303341902313631,353.91571501324034,530.9526030321972
2020-10-01,10175,9.227787285579904,2020,10,Oct,4,Post-Monsoon,9.243678431586693,9.182557990963732,9.182557990963732,9.113388845899733,9.202931471171384,0.03528790284665485,-0.01589114600678876,-0.8660254037844386,0.5000000000000001,0.22313016014842982,False,0.756801829135623,False,10175.333333333334,9983.5,10432.416666666666,9243.613567677392,-163.0,-1.5767072934803616,317.50013123356814,454.48670680963465
2020-11-01,10013,9.211739392889891,2020,11,Nov,4,Post-Monsoon,9.227787285579904,9.243678431586693,9.182557990963732,9.212936997823448,9.21800790271011,0.03171205311031947,-0.016047892690012944,-0.5000000000000004,0.8660254037844384,0.22313016014842982,False,0.6987513409082188,False,10037.666666666666,10100.166666666666,10433.5,9305.1644822632,-162.0,-1.592137592137588,162.50025641005286,251.45258002255872
2020-12-01,9925,9.202912856147385,2020,12,Dec,4,Winter,9.211739392889891,9.227787285579904,9.243678431586693,9.187685681411377,9.227735036685495,0.01596958345352632,-0.008826536742505553,-2.4492935982947064e-16,1.0,0.22313016014842982,False,0.6672177423649375,False,10121.0,10285.666666666666,10426.25,9354.751323682145,-88.0,-0.8788574852691466,126.8121971000146,245.0630531108303
2021-01-01,10425,9.252057965328051,2021,1,Jan,1,Winter,9.202912856147385,9.211739392889891,9.227787285579904,9.229063985974285,9.214146511539061,0.012610708744619234,0.049145109180665614,0.49999999999999994,0.8660254037844387,0.30119421191220214,False,0.8463859159063084,False,10396.0,10575.166666666666,10002.916666666666,9440.371217787573,500.0,5.037783375314864,266.92320993124514,263.3297679083535
2021-02-01,10838,9.29090601981575,2021,2,Feb,1,Winter,9.252057965328051,9.202912856147385,9.211739392889891,9.229063985974285,9.222236738121776,0.0262003078566437,0.03884805448769946,0.8660254037844386,0.5000000000000001,0.30119421191220214,False,0.9943788272514807,False,11112.666666666666,10689.833333333334,9579.0,9552.181520364567,413.0,3.961630695443641,457.1903323562294,329.81792957124975
2021-03-01,12075,9.39897529082673,2021,3,Mar,1,Summer,9.29090601981575,9.252057965328051,9.202912856147385,9.24725072599628,9.248625613763728,0.044096881874322556,0.1080692710109794,1.0,6.123233995736766e-17,0.30119421191220214,False,1.4376408885928322,False,11258.666666666666,10831.5,9149.333333333334,9754.006998735402,1237.0,11.41354493448976,858.6072054981447,804.9860661319943
2021-04-01,10863,9.293209849798478,2021,4,Apr,2,Summer,9.39897529082673,9.29090601981575,9.252057965328051,9.292012520620208,9.313979758656844,0.07612800536597704,-0.10576544102825203,0.8660254037844387,-0.4999999999999998,0.30119421191220214,False,1.0033372359285493,False,11267.0,10022.333333333334,8680.75,9842.72643883657,-1212.0,-10.037267080745337,707.0759035162586,785.3453804961628
2021-05-01,10863,9.293209849798478,2021,5,May,2,Summer,9.293209849798478,9.39897529082673,9.29090601981575,9.301186055275759,9.32769705348032,0.061739511235162046,0.0,0.49999999999999994,-0.8660254037844387,0.30119421191220214,False,1.0033372359285493,False,8932.0,9057.833333333334,8261.5,9924.348323729642,0.0,0.0,699.7485262578266,712.081947531318
2021-06-01,5070,8.531293315795018,2021,6,Jun,2,Monsoon,9.293209849798478,9.293209849798478,9.39897529082673,9.225327501784431,9.328464996807895,0.06106370584862866,-0.7619165340034595,1.2246467991473532e-16,-1.0,0.30119421191220214,False,1.0725052227217737,False,6857.0,8013.0,7859.916666666667,9536.000457831271,-5793.0,-53.32780999723834,3344.590109415502,2489.1741334560484
2021-07-01,4638,8.442254104751743,2021,7,Jul,3,Monsoon,8.531293315795018,9.293209849798478,9.293209849798478,9.182557990963732,9.039237671797325,0.43989271600692426,-0.08903921104327495,-0.4999999999999997,-0.8660254037844388,0.30119421191220214,False,1.227306524661518,False,4759.0,6786.333333333333,7458.0,9144.160421204771,-432.0,-8.520710059171599,3476.0153912202404,3293.2440794248273
2021-08-01,4569,8.42726848388825,2021,8,Aug,3,Monsoon,8.442254104751743,8.531293315795018,9.293209849798478,9.182557990963732,8.755585756781747,0.46771972838426434,-0.01498562086349331,-0.8660254037844385,-0.5000000000000004,0.30119421191220214,False,1.2520317326102273,False,4640.666666666667,5833.166666666667,7024.083333333333,8778.14758750839,-69.0,-1.487710219922378,271.5345281911676,3596.049332253386
2021-09-01,4715,8.458716261657262,2021,9,Sep,3,Monsoon,8.42726848388825,8.442254104751743,8.531293315795018,9.243678431586693,8.46693863481167,0.05623420606284048,0.031447777769011864,-1.0,-1.8369701987210297e-16,0.30119421191220214,False,1.199714625936147,False,4809.333333333333,4888.333333333333,6526.333333333333,8453.09578050772,146.0,3.1954475815276773,73.03652054508974,3162.4846982502063
2021-10-01,5144,8.545780648268149,2021,10,Oct,4,Post-Monsoon,8.458716261657262,8.42726848388825,8.442254104751743,9.227787285579904,8.442746283432419,0.01572966501687698,0.08706438661088711,-0.8660254037844386,0.5000000000000001,0.30119421191220214,False,1.0459883330376507,False,5017.666666666667,4893.666666666667,5933.083333333333,8188.368118067103,429.0,9.098621420996821,298.8818049552923,2475.2145294229963
2021-11-01,5194,8.555451903533328,2021,11,Nov,4,Post-Monsoon,8.545780648268149,8.458716261657262,8.42726848388825,9.211739392889891,8.477255131271221,0.06139259353883896,0.009671255265178758,-0.5000000000000004,0.8660254037844384,0.30119421191220214,False,1.0280715156835136,False,5146.666666666667,4990.333333333333,5429.416666666667,7948.818668621734,50.0,0.9720062208398161,263.3065387211898,278.0235002058506
2021-12-01,5102,8.537583881063972,2021,12,Dec,4,Winter,8.555451903533328,8.545780648268149,8.458716261657262,9.202912856147385,8.519982937819579,0.05327839619006178,-0.01786802246935615,-2.4492935982947064e-16,1.0,0.30119421191220214,False,1.0610384596151259,False,5171.333333333333,5039.666666666667,4942.083333333333,7721.073175131995,-92.0,-1.7712745475548686,46.057934531775935,282.4766657030499
2022-01-01,5218,8.560061091643414,2022,1,Jan,1,Winter,8.537583881063972,8.555451903533328,8.545780648268149,9.252057965328051,8.546272144288482,0.008944145179678157,0.022477210579442186,0.49999999999999994,0.8660254037844387,0.40656965974059917,False,1.019471443353528,False,5061.666666666667,5079.833333333333,4986.25,7520.8273211214355,116.0,2.2736181889455143,61.231800017093796,276.66779116245544
2022-02-01,4865,8.490027523343468,2022,2,Feb,1,Winter,8.560061091643414,8.537583881063972,8.555451903533328,9.29090601981575,8.551032292080237,0.011872488067193623,-0.07003356829994623,0.8660254037844386,0.5000000000000001,0.40656965974059917,False,1.1459641738737358,False,5013.0,5025.666666666667,5087.75,7308.361135431721,-353.0,-6.765044078190874,179.923131735009,203.13017172914465
2022-03-01,4956,8.508555998020574,2022,3,Mar,1,Summer,8.490027523343468,8.560061091643414,8.537583881063972,9.39897529082673,8.529224165350286,0.03575736018383264,0.018528474677106388,1.0,6.123233995736766e-17,0.40656965974059917,False,1.1133555662892063,False,4880.0,4995.833333333333,5244.5,7120.172244597183,91.0,1.8705035971223083,183.27302038216123,140.1576493335683
2022-04-01,4819,8.480529207044645,2022,4,Apr,2,Summer,8.508555998020574,8.490027523343468,8.560061091643414,9.293209849798478,8.519548204335818,0.03628769243095716,-0.02802679097592886,0.8660254037844387,-0.4999999999999998,0.40656965974059917,False,1.1624476458395419,False,4930.0,5078.833333333333,5433.416666666667,6936.078465029408,-137.0,-2.7643260694108163,69.72087205421406,170.01960671261386
2022-05-01,5015,8.520388082312756,2022,5,May,2,Summer,8.480529207044645,8.508555998020574,8.490027523343468,9.293209849798478,8.49303757613623,0.014253791301394817,0.03985887526811105,0.49999999999999994,-0.8660254037844387,0.40656965974059917,False,1.0922137218113244,False,5144.666666666667,5185.166666666667,5613.083333333333,6782.392187827056,196.0,4.067233865947295,100.55346836385151,148.97706758663264
2022-06-01,5600,8.630700432209832,2022,6,Jun,2,Monsoon,8.520388082312756,8.480529207044645,8.508555998020574,8.531293315795018,8.503157762459326,0.020470422438020247,0.11031234989707528,1.2246467991473532e-16,-1.0,0.40656965974059917,False,0.8825869587679206,False,5490.333333333333,5449.333333333333,5775.333333333333,6687.800812800891,585.0,11.665004985044858,406.3254032586854,290.9923824891494
2022-07-01,5856,8.675392806089782,2022,7,Jul,3,Monsoon,8.630700432209832,8.520388082312756,8.480529207044645,8.442254104751743,8.543872573855744,0.0777913248645264,0.04469237387995051,-0.4999999999999997,-0.8660254037844388,0.40656965974059917,False,0.7908528539147387,False,5968.666666666667,5787.0,5954.333333333333,6621.256747776821,256.0,4.571428571428582,431.092024205196,433.6272208553226
2022-08-01,6450,8.771990436532242,2022,8,Aug,3,Monsoon,8.675392806089782,8.630700432209832,8.520388082312756,8.42726848388825,8.60882710687079,0.07978375692670564,0.09659763044246006,-0.8660254037844385,-0.5000000000000004,0.40656965974059917,False,0.5780010637475901,False,6429.333333333333,6200.5,6076.25,6607.556207954675,594.0,10.143442622950815,436.05657125347085,635.4140907051943
2022-09-01,6982,8.851233902846035,2022,9,Sep,3,Monsoon,8.771990436532242,8.675392806089782,8.630700432209832,8.458716261657262,8.692694558277283,0.07221654451665874,0.07924346631379287,-1.0,-1.8369701987210297e-16,0.40656965974059917,False,0.38736612709957147,False,6910.666666666667,6554.833333333333,6221.833333333333,6637.511711318302,532.0,8.248062015503876,563.284416022078,829.4976793216728
2022-10-01,7300,8.895766604056085,2022,10,Oct,4,Post-Monsoon,8.851233902846035,8.771990436532242,8.675392806089782,8.545780648268149,8.76620571515602,0.08806315959675129,0.04453270121005026,-0.8660254037844386,0.5000000000000001,0.40656965974059917,False,0.27341516872725957,False,7141.0,6829.833333333333,6351.333333333333,6690.510774412838,318.0,4.554568891435129,429.4663355064439,867.9381890434587
2022-11-01,7141,8.873748128154395,2022,11,Nov,4,Post-Monsoon,8.895766604056085,8.851233902846035,8.771990436532242,8.555451903533328,8.839663647811454,0.0626940030058634,-0.022018475901690593,-0.5000000000000004,0.8660254037844384,0.40656965974059917,False,0.3303906479134155,False,7230.333333333333,6967.333333333333,6493.5,6726.549912459811,-159.0,-2.178082191780817,159.0,706.0312788161045
2022-12-01,7250,8.888894669371593,2022,12,Dec,4,Winter,8.873748128154395,8.895766604056085,8.851233902846035,8.537583881063972,8.873582878352172,0.022266810501096523,0.015146541217198717,-2.4492935982947064e-16,1.0,0.40656965974059917,False,0.29133198608139665,False,7024.0,6994.333333333333,6631.333333333333,6768.425919463027,109.0,1.5263968631844316,81.30395644329577,567.4858294853739
2023-01-01,6681,8.807172622916703,2023,1,Jan,1,Winter,8.888894669371593,8.873748128154395,8.895766604056085,8.560061091643414,8.886136467194024,0.011265393011373054,-0.08172204645489067,0.49999999999999994,0.8660254037844387,0.5488116360940265,False,0.4952253675714767,False,6847.666666666667,6915.666666666667,6733.25,6761.431845905985,-569.0,-7.848275862068965,302.00496684657355,337.80566405361276
2023-02-01,6612,8.796792687674662,2023,2,Feb,1,Winter,8.807172622916703,8.888894669371593,8.873748128154395,8.490027523343468,8.856605140147563,0.043474529871504734,-0.010379935242040617,0.8660254037844386,0.5000000000000001,0.5488116360940265,False,0.5199505755201859,False,6601.0,6786.5,6822.333333333333,6749.477298233506,-69.0,-1.0327795240233528,350.1347359707879,291.4849338588569
2023-03-01,6510,8.781248333236862,2023,3,Mar,1,Summer,8.796792687674662,8.807172622916703,8.888894669371593,8.508555998020574,8.830953326654319,0.05044635924246798,-0.015544354437800223,1.0,6.123233995736766e-17,0.5488116360940265,False,0.5565008829226256,False,6549.0,6707.833333333333,6868.166666666667,6730.319114374826,-102.0,-1.5426497277676976,86.02906485601324,352.7359730261466
2023-04-01,6525,8.783549477153265,2023,4,Apr,2,Summer,8.781248333236862,8.796792687674662,8.807172622916703,8.480529207044645,8.79507121460941,0.013047597517890518,0.0023011439164033476,0.8660254037844387,-0.4999999999999998,0.5488116360940265,False,0.5511258377163845,False,6568.0,6636.666666666667,6873.0,6713.8935852248405,15.0,0.23041474654377225,55.07267925205865,324.6282489248834
2023-05-01,6669,8.80537513890967,2023,5,May,2,Summer,8.783549477153265,8.781248333236862,8.796792687674662,8.520388082312756,8.787196832688263,0.008389525643496118,0.021825661756404102,0.49999999999999994,-0.8660254037844387,0.5488116360940265,False,0.49952540373646964,False,6672.333333333333,6677.333333333333,6869.833333333333,6710.3020984068535,144.0,2.206896551724147,87.78952101475512,274.92647501960033
2023-06-01,6823,8.828201089171515,2023,6,Jun,2,Monsoon,8.80537513890967,8.783549477153265,8.781248333236862,8.630700432209832,8.790057649766597,0.01331513879270463,0.022825950261845307,1.2246467991473532e-16,-1.0,0.5488116360940265,False,0.4443416062857274,False,6805.666666666667,6742.0,6974.75,6719.317930534306,154.0,2.3091917828759856,149.02796158215912,115.63159891095087
2023-07-01,6925,8.843037724962366,2023,7,Jul,3,Monsoon,8.828201089171515,8.80537513890967,8.783549477153265,8.675392806089782,8.805708568411482,0.022327673308783522,0.014836635790851815,-0.4999999999999997,-0.8660254037844388,0.5488116360940265,False,0.40779129888328775,False,6916.0,6830.333333333333,7717.5,6735.772496091561,102.0,1.4949435732082739,128.87720253533402,166.19346156423535
2023-08-01,7000,8.853808274977197,2023,8,Aug,3,Monsoon,8.843037724962366,8.828201089171515,8.80537513890967,8.771990436532242,8.82553798434785,0.018971997589159798,0.01077055001483096,-0.8660254037844385,-0.5000000000000004,0.5488116360940265,False,0.3809160728520821,False,6988.333333333333,6953.166666666667,8284.75,6756.910696404237,75.0,1.0830324909747224,88.84255736976588,206.32789438182192
2023-09-01,7040,8.859505484519133,2023,9,Sep,3,Monsoon,8.853808274977197,8.843037724962366,8.828201089171515,8.851233902846035,8.841682363037025,0.01285728376003081,0.005697209541935422,-1.0,-1.8369701987210297e-16,0.5488116360940265,False,0.3665826189687724,False,7100.666666666667,7241.666666666667,8862.916666666666,6779.557840691898,40.0,0.5714285714285783,58.38093296045796,200.50901891611502
2023-10-01,7262,8.890548245606167,2023,10,Oct,4,Post-Monsoon,8.859505484519133,8.853808274977197,8.843037724962366,8.895766604056085,8.852117161486232,0.008363113943818225,0.03104276108703452,-0.8660254037844386,0.5000000000000001,0.5488116360940265,False,0.28703194991640374,False,7567.333333333333,8798.333333333334,9582.916666666666,6818.153213436546,222.0,3.1534090909090873,141.14295353765792,201.79139393617135
2023-11-01,8400,9.036106025364846,2023,11,Nov,4,Post-Monsoon,8.890548245606167,8.859505484519133,8.853808274977197,8.873748128154395,8.867954001700832,0.019773452970704555,0.14555777975867912,-0.5000000000000004,0.8660254037844384,0.5488116360940265,False,0.12075481306375635,False,10608.333333333334,9892.166666666666,10361.083333333334,6944.700956361623,1138.0,15.670614155879914,729.6035453130238,585.9660968577479
2023-12-01,16163,9.690541826198364,2023,12,Dec,4,Winter,9.036106025364846,8.890548245606167,8.859505484519133,8.888894669371593,8.928719918496716,0.09428544540490325,0.654435800833518,-2.4492935982947064e-16,1.0,0.5488116360940265,True,2.9025198754670805,False,12683.666666666666,10983.833333333334,11127.25,7682.164879852693,7763.0,92.41666666666666,4844.0171689759045,3649.4498580836407
2024-01-01,13488,9.50962981746968,2024,1,Jan,1,Winter,9.690541826198364,9.036106025364846,8.890548245606167,8.807172622916703,9.205732032389792,0.4261187263446767,-0.18091200872868463,0.49999999999999994,0.8660254037844387,0.7408182206817179,False,1.9439701470207464,False,14400.333333333334,12335.5,11849.333333333334,8146.631689464478,-2675.0,-16.55014539380065,3943.5081251765328,3947.0796504082246
2024-02-01,13550,9.514215624322715,2024,2,Feb,1,Winter,9.50962981746968,9.690541826198364,9.036106025364846,8.796792687674662,9.412092556344296,0.33794480663866366,0.0045858068530346685,0.8660254037844386,0.5000000000000001,0.7408182206817179,False,1.9661870005398763,False,14062.666666666666,13769.0,12546.75,8578.901154307321,62.0,0.4596678529062981,1526.8288487362734,3892.6055241530344
2024-03-01,15150,9.625821815359835,2024,3,Mar,1,Summer,9.514215624322715,9.50962981746968,9.690541826198364,8.781248333236862,9.571462422663586,0.10315127563818667,0.11160619103712044,1.0,6.123233995736766e-17,0.7408182206817179,False,2.5395251558722634,False,14854.333333333334,15012.833333333334,13235.333333333334,9104.589061962735,1600.0,11.808118081180808,942.1684208958264,3649.739593450478
2024-04-01,15863,9.671807670199632,2024,4,Apr,2,Summer,9.625821815359835,9.514215624322715,9.50962981746968,8.783549477153265,9.54988908571741,0.06579963510041904,0.04598585483979711,0.8660254037844387,-0.4999999999999998,0.7408182206817179,True,2.795018971342258,False,15625.333333333334,14900.333333333334,13845.583333333334,9645.261937005718,713.0,4.706270627062703,1184.5067890617322,2862.7370120219
2024-05-01,15863,9.671807670199632,2024,5,May,2,Summer,9.671807670199632,9.625821815359835,9.514215624322715,8.80537513890967,9.603948369960728,0.08104103245364283,0.0,0.49999999999999994,-0.8660254037844387,0.7408182206817179,True,2.795018971342258,False,15738.0,15201.333333333334,14385.25,10142.680982045262,0.0,0.0,411.6507419322042,1204.3473612985385
2024-06-01,15488,9.647885373547759,2024,6,Jun,2,Monsoon,9.671807670199632,9.671807670199632,9.625821815359835,8.828201089171515,9.6564790519197,0.02654994567093827,-0.02392229665187351,1.2246467991473532e-16,-1.0,0.7408182206817179,True,2.6606428411862297,False,15548.333333333334,15486.833333333334,14805.083333333334,10570.306503481643,-375.0,-2.3639916787492887,216.50635094610965,1102.6536476458741
2024-07-01,15294,9.635281256585003,2024,7,Jul,3,Monsoon,9.647885373547759,9.671807670199632,9.671807670199632,8.843037724962366,9.663833571315674,0.013811544412108094,-0.01260411696275554,-0.4999999999999997,-0.8660254037844388,0.7408182206817179,True,2.591125589852178,False,15348.333333333334,15355.666666666666,14479.0,10948.201983203113,-194.0,-1.2525826446280974,289.2582467853483,859.756632231909
2024-08-01,15263,9.633252393688068,2024,8,Aug,3,Monsoon,9.635281256585003,9.647885373547759,9.671807670199632,8.853808274977197,9.651658100110799,0.01855316205368805,-0.0020288628969353795,-0.8660254037844385,-0.5000000000000004,0.7408182206817179,True,2.580017163092613,False,14973.333333333334,15001.5,14297.75,11293.385824546865,-31.0,-0.20269386687590263,121.94397620765707,311.04560223021303
2024-09-01,14363,9.572480355345974,2024,9,Sep,3,Monsoon,9.633252393688068,9.635281256585003,9.647885373547759,8.859505484519133,9.63880634127361,0.00792784279951486,-0.06077203834209399,-1.0,-1.8369701987210297e-16,0.7408182206817179,False,2.2575144507181455,False,14454.666666666666,14597.333333333334,14111.333333333334,11538.954958583116,-900.0,-5.8966127235798975,528.7913892390211,553.1841164266696
2024-10-01,13738,9.527993782923948,2024,10,Oct,4,Post-Monsoon,9.572480355345974,9.633252393688068,9.635281256585003,8.890548245606167,9.613671335206348,0.03568685594964204,-0.04448657242202536,-0.8660254037844386,0.5000000000000001,0.7408182206817179,False,2.0335542337914316,False,13846.333333333334,14057.666666666666,14031.166666666666,11714.878561896468,-625.0,-4.351458608925707,766.6213754737952,792.0754383264807
2024-11-01,13438,9.505916206547065,2024,11,Nov,4,Post-Monsoon,9.527993782923948,9.572480355345974,9.633252393688068,9.036106025364846,9.577908843985997,0.05283886024222352,-0.022077576376883457,-0.5000000000000004,0.8660254037844384,0.7408182206817179,False,1.9260533296666094,False,13142.0,13394.166666666666,13897.833333333334,11852.728276944752,-300.0,-2.183723977289276,471.9198378255925,878.5400768700031
2024-12-01,12250,9.41336284529417,2024,12,Dec,4,Winter,9.505916206547065,9.527993782923948,9.572480355345974,9.690541826198364,9.53546344827233,0.03390491707194906,-0.09255336125289482,-2.4492935982947064e-16,1.0,0.7408182206817179,False,1.5003497493323121,False,12333.666666666666,12735.833333333334,13764.5,11884.510014789172,-1188.0,-8.840601279952375,786.9231220392501,1168.6239201157691
2025-01-01,11313,9.333796175903101,2025,1,Jan,1,Winter,9.41336284529417,9.505916206547065,9.527993782923948,9.50962981746968,9.482424278255062,0.06081912517160689,-0.0795666693910686,0.49999999999999994,0.8660254037844387,1.0,False,1.164588592115783,False,11625.333333333334,12706.666666666666,13662.416666666666,11838.78921360604,-937.0,-7.648979591836735,1064.9677616403858,1427.7038091518648
2025-02-01,11313,9.333796175903101,2025,2,Feb,1,Winter,9.333796175903101,9.41336284529417,9.505916206547065,9.514215624322715,9.417691742581447,0.08614163192686396,0.0,0.8660254037844386,0.5000000000000001,1.0,False,1.164588592115783,False,12271.333333333334,12794.166666666666,13721.25,11796.726076517556,0.0,0.0,540.9772022306792,1298.4599210860308
2025-03-01,14188,9.560222295507314,2025,3,Mar,1,Summer,9.333796175903101,9.333796175903101,9.41336284529417,9.625821815359835,9.360318399033458,0.04593783799156449,0.22642611960421277,1.0,6.123233995736766e-17,1.0,False,2.1948055899786656,False,13254.666666666666,12931.666666666666,13701.416666666666,11988.027990396153,2875.0,25.413241403694876,1659.8820239201739,1255.8665003362187
2025-04-01,14263,9.565494159542977,2025,4,Apr,2,Summer,9.560222295507314,9.333796175903101,9.333796175903101,9.671807670199632,9.409271549104504,0.13072718110509562,0.005271864035663043,0.8660254037844387,-0.4999999999999998,1.0,False,2.2216808160098713,False,14238.0,13267.166666666666,13817.0,12170.02575116446,75.0,0.5286157316041651,1681.9507523507734,1356.3621075018063
2025-05-01,14263,9.565494159542977,2025,5,May,2,Summer,9.565494159542977,9.560222295507314,9.333796175903101,9.671807670199632,9.486504210317797,0.13227530369919563,0.0,0.49999999999999994,-0.8660254037844387,1.0,False,2.2216808160098713,False,14263.0,14048.333333333334,,12337.463691071302,0.0,0.0,43.30127018922193,1471.6047929613246
2025-06-01,14263,9.565494159542977,2025,6,Jun,2,Monsoon,9.565494159542977,9.565494159542977,9.560222295507314,9.647885373547759,9.56373687153109,0.0030437121222025667,0.0,1.2246467991473532e-16,-1.0,1.0,False,2.2216808160098713,False,14842.0,14667.0,,12491.506595785599,0.0,0.0,0.0,1513.9696716469407
2025-07-01,16000,9.680406499268875,2025,7,Jul,3,Monsoon,9.565494159542977,9.565494159542977,9.565494159542977,9.635281256585003,9.565494159542977,1.1264593119749616e-07,0.11491233972589754,-0.4999999999999997,-0.8660254037844388,1.0,True,2.8441110508925935,False,15096.0,14927.333333333334,,12772.186068122752,1737.0,12.178363598121011,1002.85741758238,1513.1955150167314
2025-08-01,15025,9.617537312929105,2025,8,Aug,3,Monsoon,9.680406499268875,9.565494159542977,9.565494159542977,9.633252393688068,9.603798272784942,0.06634467027405563,-0.06286918633976946,-0.8660254037844385,-0.5000000000000004,1.0,False,2.4947331124869203,False,15591.666666666666,,,12952.411182672931,-975.0,-6.093749999999998,870.6738769481947,724.4504123817508
2025-09-01,15750,9.664659134301736,2025,9,Sep,3,Monsoon,9.617537312929105,9.680406499268875,9.565494159542977,9.572480355345974,9.621145990580318,0.057541101580749494,0.04712182137263099,-1.0,-1.8369701987210297e-16,1.0,True,2.7545269641219083,False,,,,13176.218288059097,725.0,4.825291181364388,506.4171534746166,795.1036829664151
